Nodes,Model,Mean PDR (%),Mean Delay ms,Mean ROR
25,SVM-selected OC,26.593333333333334,739.3701666677201,0.6977624450531046
25,DTC-selected OC,26.88,736.6550999993532,0.698455472706884
25,RF-selected OC,25.84,746.8471066663799,0.7117637451029972
25,Baseline OC0,25.333333333333332,751.9599133337599,0.72548069255542
25,Baseline worst-OC,17.206666666666667,831.7132866674999,0.8256996138689333
50,SVM-selected OC,75.86,184.79304702476136,0.5176433127103683
50,DTC-selected OC,75.64,186.36680273280214,0.5208528440779209
50,RF-selected OC,69.63333333333334,227.7476720899115,0.5576027438335845
50,Baseline OC0,66.20666666666666,251.5778824374458,0.5805273691025684
50,Baseline worst-OC,54.54,331.9632002482613,0.6512276540930323
75,SVM-selected OC,92.14,59.24602185343186,0.5288484571827561
75,DTC-selected OC,93.7,50.52952235146235,0.5223947490335936
75,RF-selected OC,87.28666666666666,86.67713403136794,0.5520464425738026
75,Baseline OC0,83.33333333333333,109.05349456550628,0.571895472297603
75,Baseline worst-OC,68.72,191.25541345667105,0.6415997136247085
100,SVM-selected OC,94.02666666666667,41.27397333398,0.572292705694704
100,DTC-selected OC,93.45333333333333,44.06647333310334,0.5747573646491805
100,RF-selected OC,90.11333333333333,60.42725666768334,0.5889473085081605
100,Baseline OC0,84.95333333333333,85.74943333539333,0.6116160439948295
100,Baseline worst-OC,68.58666666666667,165.58862333287667,0.6813289829059795
