node_count,Method,PDR (%),Loss-aware delay (ms),Routing overhead ratio
25,SVM,26.726666666666667,786.0720000116667,0.580844382414515
25,DTC,26.613333333333333,787.5815999968667,0.5824035812672176
25,RF,25.35333333333333,796.6219999916,0.6229347569010373
25,Baseline,24.275,807.4043166661166,0.6331834576807155
50,SVM,75.43333333333334,443.8460000160667,0.34407195195856977
50,DTC,73.72,457.88453336066664,0.3558213340355059
50,RF,69.3,490.5701333637333,0.3815787610619469
50,Baseline,67.68833333333333,503.73028333676666,0.3934608477523446
75,SVM,92.25333333333333,317.7691999638667,0.3660479530986026
75,DTC,91.74666666666667,321.5055999574,0.36921297595921715
75,RF,88.97333333333333,343.8495999609333,0.3793929802746849
75,Baseline,84.00166666666667,382.33809997965,0.4057520179475912
100,SVM,93.78,289.4182000212,0.4357823467699196
100,DTC,91.79333333333334,303.63606671126666,0.44524319363719794
100,RF,87.70666666666666,337.0225999918,0.4618556701030928
100,Baseline,85.245,357.23175001749996,0.4736846496338794
