Nodes,Method,PDR (%),Loss-aware delay (ms),Routing overhead ratio
25,SVM,31.712,741.1051999924799,0.39465297949744776
25,DTC,29.14,763.3726799978399,0.46630286493860845
25,RF,31.852,740.26151999584,0.3918858421936206
25,Baseline,29.007,764.40644999955,0.47291589973561793
50,SVM,79.656,416.7403599789201,0.15443954191661297
50,DTC,73.692,461.4662799816801,0.19120360349217147
50,RF,78.544,423.83963998968005,0.15998153981981258
50,Baseline,70.856,483.90144999349997,0.21070677445111863
75,SVM,89.72,331.76968002231996,0.1623420077853285
75,DTC,84.692,371.26400000528,0.19023606500256487
75,RF,89.868,331.83576004796,0.16105118136065005
75,Baseline,81.897,393.18074999827996,0.20548567443938923
100,SVM,92.832,303.66023997564,0.15962299146431477
100,DTC,91.308,315.31247997964005,0.16759120463637492
100,RF,93.44,299.4491199592,0.15702821836265682
100,Baseline,84.349,371.27831999582,0.20526464900287006
