num_nodes,pdr,e2ed,oh,link_fail_drops
25,30.0000,1427.0000,0.6444,140
25,65.5000,1090.7634,0.4536,69
25,0.0000,0.0000,1.0000,58
25,44.5000,678.0449,0.5499,111
25,20.5000,1200.4146,0.7262,136
25,50.0000,832.6000,0.5210,91
25,49.0000,709.7551,0.5260,102
25,41.0000,1072.8537,0.5701,118
25,38.0000,929.5263,0.5886,124
25,0.0000,0.0000,1.0000,81
25,34.5000,1579.7826,0.6118,131
25,41.5000,661.7711,0.5671,109
25,54.5000,584.3853,0.4994,91
25,55.5000,463.7477,0.4949,89
25,46.0000,751.9022,0.5417,108
25,44.0000,640.5455,0.5527,112
25,58.0000,470.8879,0.4839,84
25,45.0000,806.7111,0.5472,110
25,42.0000,959.9881,0.5642,110
25,45.5000,1229.8242,0.5444,84
25,46.5000,1028.0000,0.5390,107
25,17.5000,690.4857,0.7565,118
25,50.0000,502.2200,0.5210,100
25,15.0000,1765.1000,0.7838,78
25,36.5000,782.2192,0.5983,101
25,41.5000,997.2892,0.5671,117
25,59.5000,420.7815,0.4775,81
25,36.0000,1470.5417,0.6017,114
25,57.5000,496.5217,0.4860,85
25,46.5000,518.5269,0.5390,107
25,54.5000,521.5046,0.4994,91
25,10.0000,1557.1000,0.8447,110
25,55.5000,958.0000,0.4949,89
25,21.5000,789.2791,0.7166,87
25,50.0000,558.0000,0.5210,100
25,34.0000,1042.1324,0.6153,92
25,41.5000,1065.8916,0.5671,117
25,31.5000,1096.7143,0.6332,137
25,37.0000,1262.8649,0.5951,126
25,51.5000,923.2913,0.5136,97
25,56.5000,1021.3628,0.4904,84
25,48.5000,496.8866,0.5286,103
25,34.0000,1424.3824,0.6153,130
25,49.0000,1161.4592,0.5260,102
25,43.5000,1109.6437,0.5556,113
25,36.5000,1233.0000,0.5983,127
25,45.5000,876.3297,0.5444,109
25,0.0000,0.0000,1.0000,67
25,60.5000,874.6364,0.4733,79
25,54.5000,386.1284,0.4994,91
50,56.5000,1473.8319,0.4904,87
50,50.0000,866.5300,0.5210,100
50,34.5000,1653.4928,0.6118,131
50,39.0000,1291.0385,0.5823,122
50,42.5000,830.0000,0.5613,115
50,30.5000,1392.3115,0.6406,139
50,49.5000,1388.7879,0.5235,101
50,42.5000,1021.5294,0.5613,115
50,53.5000,1407.5047,0.5041,93
50,40.5000,1249.0000,0.5731,119
50,54.0000,774.2037,0.5017,92
50,33.0000,1425.2273,0.6223,134
50,24.5000,1387.2041,0.6894,151
50,35.5000,645.8451,0.6050,129
50,37.5000,1139.7200,0.5918,125
50,33.0000,1282.5303,0.6223,134
50,41.0000,1514.5610,0.5701,118
50,46.5000,892.7634,0.5390,107
50,44.0000,669.0000,0.5527,112
50,63.0000,1388.1984,0.4633,74
50,36.5000,1334.3699,0.5983,127
50,35.5000,1085.9014,0.6050,129
50,49.0000,825.3571,0.5260,102
50,51.5000,465.0000,0.5136,97
50,34.0000,1676.6029,0.6153,132
50,42.0000,1323.7262,0.5642,116
50,47.0000,1731.0000,0.5364,106
50,45.0000,992.3778,0.5472,110
50,48.5000,948.7113,0.5286,103
50,50.0000,1055.0600,0.5210,100
50,44.0000,621.0568,0.5527,112
50,39.5000,631.0000,0.5792,121
50,47.5000,622.5789,0.5337,105
50,38.0000,1094.0000,0.5886,124
50,44.5000,937.7079,0.5499,111
50,50.5000,613.1881,0.5185,99
50,31.0000,1177.1290,0.6369,138
50,44.0000,714.9318,0.5527,112
50,50.0000,465.0900,0.5210,100
50,40.0000,1503.4125,0.5762,111
50,38.5000,1357.6234,0.5855,123
50,37.5000,1132.7867,0.5918,125
50,30.0000,1538.2833,0.6444,140
50,47.5000,820.0000,0.5337,105
50,60.0000,1284.0167,0.4754,80
50,37.5000,1822.9067,0.5918,106
50,45.0000,1226.9000,0.5472,110
50,55.0000,1126.8818,0.4971,90
50,39.5000,1295.6835,0.5792,121
50,25.0000,1564.1000,0.6850,150
75,43.5000,1398.0115,0.5556,113
75,33.5000,1826.2687,0.6188,133
75,51.5000,1289.0000,0.5136,97
75,59.0000,1269.4831,0.4796,82
75,49.5000,867.8687,0.5235,101
75,42.5000,487.3765,0.5613,115
75,49.0000,1624.5816,0.5260,102
75,42.0000,1454.0000,0.5642,116
75,32.5000,1755.8769,0.6259,135
75,58.5000,945.5726,0.4817,83
75,51.5000,529.9709,0.5136,97
75,58.5000,518.7265,0.4817,83
75,43.5000,1481.9310,0.5556,107
75,39.5000,1006.0000,0.5792,121
75,42.0000,1596.5476,0.5642,116
75,42.5000,621.0000,0.5613,115
75,53.0000,1307.7075,0.5064,94
75,31.0000,1778.0000,0.6369,138
75,43.0000,1177.2093,0.5584,114
75,44.5000,1385.3258,0.5499,111
75,54.0000,469.0000,0.5017,92
75,50.5000,1258.0000,0.5185,99
75,30.5000,1600.3607,0.6406,139
75,53.5000,1317.5421,0.5041,93
75,52.0000,1009.0000,0.5112,96
75,26.5000,1797.8113,0.6723,147
75,45.0000,1989.1222,0.5472,110
75,36.5000,1660.5205,0.5983,127
75,34.0000,1131.2353,0.6153,132
75,44.0000,1146.2386,0.5527,112
75,49.5000,1059.5455,0.5235,101
75,57.0000,930.7105,0.4882,71
75,35.0000,1689.0857,0.6084,130
75,40.5000,1531.9259,0.5731,119
75,50.0000,1328.2200,0.5210,100
75,39.5000,1604.5823,0.5792,121
75,51.0000,479.0000,0.5160,98
75,43.5000,1441.5057,0.5556,113
75,45.5000,646.1538,0.5444,109
75,30.0000,1556.6000,0.6444,140
75,36.5000,1740.0000,0.5983,127
75,43.0000,1714.9302,0.5584,114
75,50.5000,1269.4257,0.5185,99
75,37.0000,1333.4459,0.5951,126
75,47.0000,1781.1489,0.5364,106
75,28.0000,2103.8036,0.6601,144
75,57.0000,681.0000,0.4882,86
75,21.5000,1564.3256,0.7166,157
75,52.5000,1476.7143,0.5088,95
75,54.5000,1019.0000,0.4994,91
100,49.5000,1174.2828,0.5235,101
100,40.0000,1941.0000,0.5762,120
100,70.0000,1434.0000,0.4372,60
100,31.5000,1364.4762,0.6332,137
100,43.0000,888.0000,0.5584,114
100,47.5000,2392.0000,0.5337,105
100,41.5000,1571.7229,0.5671,117
100,40.0000,1235.9250,0.5762,120
100,40.0000,2230.0000,0.5762,120
100,35.5000,1453.0423,0.6050,129
100,57.0000,1534.2719,0.4882,86
100,31.0000,2034.9355,0.6369,135
100,26.5000,1123.0000,0.6723,147
100,33.5000,2168.1045,0.6188,133
100,45.5000,548.0000,0.5444,109
100,62.0000,1461.1935,0.4672,76
100,55.0000,1206.0000,0.4971,90
100,58.5000,484.9744,0.4817,83
100,48.5000,1447.0000,0.5286,103
100,45.5000,531.5165,0.5444,109
100,41.5000,1790.8313,0.5671,117
100,71.0000,1177.0563,0.4337,58
100,33.5000,1754.0896,0.6188,133
100,38.0000,1352.9474,0.5886,124
100,38.0000,1125.4737,0.5886,124
100,37.5000,1608.9333,0.5918,125
100,38.5000,1471.2597,0.5855,123
100,26.5000,1411.1887,0.6723,147
100,38.0000,767.4737,0.5886,124
100,53.0000,889.0000,0.5064,94
100,39.0000,1255.9359,0.5823,122
100,40.0000,916.0000,0.5762,120
100,64.0000,1212.0000,0.4593,72
100,36.5000,1208.6849,0.5983,127
100,64.5000,1036.0620,0.4574,71
100,34.5000,1395.5652,0.6118,131
100,28.5000,1550.9123,0.6561,143
100,58.5000,1144.5726,0.4817,83
100,40.5000,1181.1111,0.5731,119
100,35.0000,1704.4857,0.6084,130
100,33.5000,1252.0000,0.6188,133
100,50.0000,1679.4400,0.5210,100
100,51.0000,795.9118,0.5160,98
100,54.5000,1231.6881,0.4994,91
100,48.5000,1654.2990,0.5286,103
100,53.5000,1139.3364,0.5041,93
100,44.0000,1259.6705,0.5527,112
100,40.0000,1655.9250,0.5762,120
100,35.5000,1867.8592,0.6050,129
100,67.5000,1586.0000,0.4462,65
