scenario_id,node_count,selected_oc,is_oc,score,true_oc,correct,Method
1,25,1,1,0.008756849774297137,1,True,SVM
4,25,2,0,0.8175119987819031,0,False,SVM
5,25,0,1,1.6418744397620806,0,True,SVM
8,25,3,1,0.9855052455879871,3,True,SVM
10,25,3,1,1.5169535528126517,3,True,SVM
13,25,2,0,0.06325456074929292,0,False,SVM
14,25,3,1,1.2075591824148368,3,True,SVM
15,25,1,0,1.6604569378636782,3,False,SVM
16,25,3,1,2.0781615299174803,3,True,SVM
24,25,3,1,1.1551991154376076,3,True,SVM
25,25,1,1,2.0683925632016127,1,True,SVM
29,25,2,1,1.2046112033031946,2,True,SVM
36,25,2,1,1.9765499608014814,2,True,SVM
37,25,0,1,0.2985271137052514,0,True,SVM
42,25,2,0,-0.17515547292590483,3,False,SVM
43,25,0,1,2.0858379343912468,0,True,SVM
45,25,2,1,0.6103567984076683,2,True,SVM
47,25,2,0,0.556094726260266,1,False,SVM
50,25,3,0,0.42702359125586753,0,False,SVM
52,25,3,1,1.732188485283288,3,True,SVM
54,25,3,0,1.2297537981512647,0,False,SVM
59,25,1,1,1.9834664527566161,1,True,SVM
61,25,0,1,0.8188123764605741,0,True,SVM
62,25,1,1,1.6920925792071984,1,True,SVM
72,25,2,1,0.9228388066856468,2,True,SVM
73,25,0,1,1.3153426845693375,0,True,SVM
75,25,3,1,1.6775698567341664,3,True,SVM
78,25,3,0,0.6178518383880807,0,False,SVM
79,25,3,1,2.028523874068103,3,True,SVM
83,25,1,1,1.4675798077195772,1,True,SVM
84,25,1,1,1.8914333297771009,1,True,SVM
87,25,2,1,0.07887972556844858,2,True,SVM
90,25,2,1,1.4940820235635073,2,True,SVM
96,25,1,0,-0.3486320115004311,2,False,SVM
98,25,1,1,1.7475578013321815,1,True,SVM
110,25,0,1,1.0949847917176356,0,True,SVM
113,25,0,1,-1.975724069881636,0,True,SVM
118,25,2,1,1.3306916006326048,2,True,SVM
128,25,2,1,1.168816067909983,2,True,SVM
133,25,1,1,0.7278882992516031,1,True,SVM
134,25,0,0,-1.0354167532308125,2,False,SVM
135,25,3,1,1.6271889014744687,3,True,SVM
140,25,2,1,0.16199570625115456,2,True,SVM
142,25,3,1,-1.5568798725055473,3,True,SVM
145,25,0,1,1.5362228106393232,0,True,SVM
147,25,1,1,0.6762019898213225,1,True,SVM
149,25,2,1,-0.07325319915222295,2,True,SVM
153,25,2,1,0.1798118013538641,2,True,SVM
155,25,0,0,0.7971527112941317,3,False,SVM
159,25,3,1,0.3749903574419555,3,True,SVM
167,25,0,1,1.813872223461722,0,True,SVM
171,25,1,0,-1.8601225267802732,3,False,SVM
176,25,2,1,-0.31598749433824835,2,True,SVM
178,25,1,1,1.6191665400072601,1,True,SVM
186,25,3,1,1.8554792962623594,3,True,SVM
189,25,1,1,1.2325586340635297,1,True,SVM
194,25,0,1,0.6026035895643638,0,True,SVM
195,25,2,0,-0.33752612440795815,3,False,SVM
196,25,1,1,0.4189746699926893,1,True,SVM
197,25,0,1,0.1286411327392898,0,True,SVM
200,25,1,1,1.1771268520200735,1,True,SVM
203,25,0,0,1.9294238927974163,3,False,SVM
204,25,1,1,1.4976288193972564,1,True,SVM
205,25,0,1,0.9532671774125419,0,True,SVM
212,25,3,1,1.4513827476954866,3,True,SVM
214,25,1,1,0.6536964471479081,1,True,SVM
215,25,3,1,1.9887795101087917,3,True,SVM
218,25,1,1,0.45806353394223365,1,True,SVM
221,25,2,1,1.9180625029180867,2,True,SVM
224,25,0,0,-0.3793606237549696,3,False,SVM
226,25,1,1,1.9630511977646776,1,True,SVM
228,25,2,1,1.8604210165880275,2,True,SVM
229,25,2,0,0.6910552458276911,1,False,SVM
237,25,3,1,1.6100968096044,3,True,SVM
239,25,0,1,1.5100556519856028,0,True,SVM
241,25,1,1,2.113419770955865,1,True,SVM
244,25,2,0,1.170505885458784,3,False,SVM
245,25,0,1,1.8661835146842378,0,True,SVM
247,25,3,1,-0.021685843476980438,3,True,SVM
260,25,3,1,1.9841984840761704,3,True,SVM
261,25,3,1,-0.15124586366129478,3,True,SVM
263,25,2,1,0.24538596039015204,2,True,SVM
264,25,1,1,1.3497171771694738,1,True,SVM
275,25,1,1,1.9633732406010012,1,True,SVM
276,25,0,1,-0.520814405872823,0,True,SVM
277,25,1,1,1.994339505284728,1,True,SVM
279,25,1,1,1.280210712814707,1,True,SVM
284,25,2,1,0.731666509535053,2,True,SVM
289,25,1,1,1.2472807031480713,1,True,SVM
290,25,0,1,0.34802071598218376,0,True,SVM
291,25,1,1,0.29686632712573413,1,True,SVM
293,25,1,1,-0.549974671404442,1,True,SVM
295,25,0,1,1.274377091791063,0,True,SVM
299,25,1,1,0.96093421258524,1,True,SVM
301,25,2,1,1.9398375677432576,2,True,SVM
302,25,0,1,0.7343126389624928,0,True,SVM
306,25,0,0,0.2589102418121776,2,False,SVM
310,25,1,1,0.9664038983253249,1,True,SVM
311,25,3,1,1.8579774169346273,3,True,SVM
325,25,2,1,-0.2608404661418753,2,True,SVM
327,25,0,1,2.0790480777728675,0,True,SVM
332,25,2,1,1.2799812808843285,2,True,SVM
333,25,2,1,0.22782889269510775,2,True,SVM
334,25,0,1,1.2880089204496699,0,True,SVM
335,25,0,0,1.3244799430816308,2,False,SVM
336,25,3,1,1.9873601704890262,3,True,SVM
338,25,2,0,-0.40530141340675385,0,False,SVM
341,25,1,1,0.9007361838777221,1,True,SVM
343,25,0,1,1.984897498599718,0,True,SVM
345,25,0,1,1.939813700799256,0,True,SVM
352,25,2,1,1.3136726793515372,2,True,SVM
354,25,2,1,0.5872688494994662,2,True,SVM
355,25,0,1,1.2351293693859624,0,True,SVM
357,25,2,1,-0.2610171945272235,2,True,SVM
358,25,1,1,2.090341531162281,1,True,SVM
360,25,3,1,-1.1817799849199702,3,True,SVM
366,25,0,1,0.8126907828196579,0,True,SVM
371,25,0,0,0.2763521252851113,2,False,SVM
372,25,3,1,1.675774851384741,3,True,SVM
373,25,1,1,0.9070772076679354,1,True,SVM
376,25,2,1,1.180960033931413,2,True,SVM
382,25,1,1,0.313892383519665,1,True,SVM
384,25,3,1,-0.4422740701412238,3,True,SVM
386,25,0,1,-0.07805457518460912,0,True,SVM
388,25,0,1,-0.49114431829778127,0,True,SVM
389,25,1,1,-0.7529160614152453,1,True,SVM
391,25,2,1,1.6016943202040892,2,True,SVM
396,25,2,1,1.3095625839700133,2,True,SVM
397,25,1,1,1.8979197071709244,1,True,SVM
398,25,3,1,0.7879597993261278,3,True,SVM
402,25,0,0,1.440437147109158,1,False,SVM
403,25,3,0,-1.164956697953187,1,False,SVM
406,25,1,1,1.1498547031199138,1,True,SVM
410,25,0,1,-0.3113150212945115,0,True,SVM
411,25,3,1,1.9239789920090544,3,True,SVM
425,25,3,1,1.6361039255862586,3,True,SVM
428,25,0,1,2.01548289247841,0,True,SVM
432,25,3,1,1.5299555096820114,3,True,SVM
433,25,1,1,-0.09159473446086963,1,True,SVM
434,25,0,1,1.3628691777366626,0,True,SVM
438,25,2,1,1.5545488322663843,2,True,SVM
444,25,0,1,1.9559974282362695,0,True,SVM
445,25,1,1,1.2204111278138718,1,True,SVM
458,25,3,1,1.5669396907705355,3,True,SVM
464,25,3,1,1.7715652991978779,3,True,SVM
467,25,3,1,1.64160411553312,3,True,SVM
468,25,2,1,1.9564316333321727,2,True,SVM
471,25,2,0,-0.11043348005417997,1,False,SVM
478,25,3,0,1.3408194732469738,2,False,SVM
488,25,0,0,0.4411369619022594,2,False,SVM
510,50,3,1,1.9955404515694433,3,True,SVM
515,50,2,1,1.004593674963182,2,True,SVM
517,50,2,1,2.0850489597678745,2,True,SVM
518,50,2,1,1.1132808590420318,2,True,SVM
521,50,1,1,-0.36299943512663546,1,True,SVM
525,50,2,1,2.000378946196477,2,True,SVM
526,50,0,1,1.4974779738428268,0,True,SVM
529,50,3,1,0.15927483088133343,3,True,SVM
530,50,3,0,0.31884382425885605,1,False,SVM
531,50,3,1,0.9774983568285087,3,True,SVM
535,50,3,1,1.568426250854177,3,True,SVM
537,50,2,1,0.7145740262723379,2,True,SVM
539,50,0,0,0.32074530758182007,3,False,SVM
542,50,0,1,-1.1668811165304724,0,True,SVM
546,50,0,0,-0.1733883599986754,2,False,SVM
551,50,0,1,0.45103939830008954,0,True,SVM
564,50,3,1,-0.26603064746150906,3,True,SVM
574,50,2,0,-0.1902056973671442,0,False,SVM
575,50,0,1,2.1073051613201663,0,True,SVM
576,50,0,1,1.580377814246237,0,True,SVM
578,50,0,1,-0.6347268562722022,0,True,SVM
579,50,0,1,0.5257412790343494,0,True,SVM
580,50,2,1,1.389860472278663,2,True,SVM
584,50,2,1,1.1032035445878776,2,True,SVM
585,50,1,1,2.1438640371693793,1,True,SVM
589,50,3,1,1.6964039124674102,3,True,SVM
590,50,2,1,1.5565077119470274,2,True,SVM
592,50,3,1,0.9509011995870189,3,True,SVM
593,50,0,1,2.1508718451704567,0,True,SVM
594,50,1,1,0.32955860179221474,1,True,SVM
598,50,3,1,2.014369928200825,3,True,SVM
602,50,2,0,0.10236867649331316,3,False,SVM
603,50,1,1,1.9291689190495447,1,True,SVM
604,50,2,1,-0.7205280647044816,2,True,SVM
606,50,1,1,1.0440491899252677,1,True,SVM
614,50,3,1,2.1275230373257585,3,True,SVM
617,50,0,1,1.8697051654816548,0,True,SVM
619,50,1,1,1.2311833108673653,1,True,SVM
624,50,2,1,1.981522314368,2,True,SVM
627,50,3,1,0.9669392484749011,3,True,SVM
628,50,2,1,0.2207984490489565,2,True,SVM
634,50,2,1,-0.2574235235217124,2,True,SVM
636,50,3,1,0.7619752543565532,3,True,SVM
637,50,1,1,2.100129900162962,1,True,SVM
639,50,0,0,-0.09892723839380224,1,False,SVM
645,50,3,0,0.804754530718121,1,False,SVM
649,50,1,1,0.5446826081133125,1,True,SVM
653,50,3,1,1.1202899999895521,3,True,SVM
657,50,0,1,-0.33824200258741044,0,True,SVM
661,50,2,1,0.6064838254538252,2,True,SVM
664,50,3,1,1.1240351933166934,3,True,SVM
670,50,1,1,2.047862090136036,1,True,SVM
676,50,3,1,1.762857077901785,3,True,SVM
677,50,1,1,2.0577306261325177,1,True,SVM
680,50,1,1,1.8859271556910464,1,True,SVM
686,50,3,1,-0.2053679108900468,3,True,SVM
687,50,1,1,1.2456999347672593,1,True,SVM
691,50,3,1,1.0499256950985867,3,True,SVM
699,50,3,0,1.199213097031091,1,False,SVM
700,50,0,1,0.9382903902410646,0,True,SVM
703,50,2,1,1.9453610006398776,2,True,SVM
707,50,2,1,1.7720576538752368,2,True,SVM
708,50,2,1,-0.3803524854499791,2,True,SVM
717,50,1,0,-0.9858749931628488,2,False,SVM
719,50,0,1,1.3856519133809257,0,True,SVM
720,50,2,0,-1.2681028479598027,1,False,SVM
723,50,0,0,0.18924943668773508,1,False,SVM
727,50,2,1,2.0645337845730367,2,True,SVM
732,50,0,1,2.0985167641654137,0,True,SVM
733,50,1,1,1.6456016088945908,1,True,SVM
740,50,1,1,1.569924584125559,1,True,SVM
745,50,3,1,0.2947843597116133,3,True,SVM
746,50,1,1,1.5168697420723198,1,True,SVM
748,50,2,1,1.2556725511252225,2,True,SVM
751,50,3,1,1.484791404886792,3,True,SVM
757,50,2,1,0.6438454491714367,2,True,SVM
759,50,2,0,0.879924817297006,0,False,SVM
760,50,2,1,0.9945252878153781,2,True,SVM
765,50,0,1,1.9030102178343817,0,True,SVM
766,50,0,1,1.021169473789346,0,True,SVM
773,50,1,1,1.7596704973783162,1,True,SVM
774,50,1,1,-0.3838866039929272,1,True,SVM
775,50,0,1,2.0845763713299306,0,True,SVM
776,50,3,1,-0.5099365307058932,3,True,SVM
784,50,2,1,1.057864475954915,2,True,SVM
785,50,1,1,1.9248625148759402,1,True,SVM
786,50,2,1,-0.3218425799129676,2,True,SVM
788,50,0,0,-1.6376597360922744,2,False,SVM
791,50,2,0,0.6049288073098538,3,False,SVM
795,50,2,0,0.41210834804006424,0,False,SVM
797,50,2,1,1.02090629528562,2,True,SVM
799,50,3,1,2.1315888245534502,3,True,SVM
805,50,1,1,1.643819618530081,1,True,SVM
806,50,3,1,0.5127759559206311,3,True,SVM
807,50,2,1,1.730888291724451,2,True,SVM
808,50,3,1,1.9479770302444557,3,True,SVM
813,50,3,1,1.5224374029567898,3,True,SVM
814,50,2,0,-0.38423444791709116,1,False,SVM
822,50,2,1,1.3924972807183593,2,True,SVM
823,50,1,1,1.0939011974039516,1,True,SVM
824,50,3,1,1.642697687934458,3,True,SVM
825,50,3,1,1.5964662654616184,3,True,SVM
831,50,0,1,0.9278841533164339,0,True,SVM
832,50,1,1,1.2530196575854653,1,True,SVM
837,50,1,1,-0.1277951156559567,1,True,SVM
838,50,2,1,1.202748860139252,2,True,SVM
839,50,0,1,1.9668546857274087,0,True,SVM
844,50,1,0,0.6362637695387185,2,False,SVM
846,50,3,1,-0.08255147245033356,3,True,SVM
851,50,1,0,-0.37563518663410633,0,False,SVM
853,50,2,1,1.7610095340307836,2,True,SVM
854,50,0,1,0.7750520398064893,0,True,SVM
857,50,2,0,-0.7253017365105237,0,False,SVM
858,50,1,0,0.9222084758503044,0,False,SVM
860,50,3,1,1.9026755874366401,3,True,SVM
867,50,2,1,0.617256890242956,2,True,SVM
870,50,1,1,0.8216124067400301,1,True,SVM
873,50,0,1,0.7884408192455332,0,True,SVM
876,50,1,1,-1.5124996041673313,1,True,SVM
883,50,0,1,1.7460301495117108,0,True,SVM
884,50,0,1,0.9584743689364466,0,True,SVM
885,50,0,1,1.16180400252275,0,True,SVM
887,50,1,1,2.01466244615159,1,True,SVM
889,50,2,1,0.6326471496504702,2,True,SVM
893,50,3,1,2.027041646419562,3,True,SVM
896,50,1,1,1.964413152753167,1,True,SVM
903,50,1,1,1.9547310819148827,1,True,SVM
907,50,2,1,0.969939002800885,2,True,SVM
913,50,0,1,0.3951061474612736,0,True,SVM
916,50,0,1,-0.8843980472376991,0,True,SVM
921,50,3,1,0.828072133831963,3,True,SVM
927,50,0,1,2.037540675942065,0,True,SVM
933,50,2,0,0.9828047014694974,3,False,SVM
934,50,2,1,1.2932940835313964,2,True,SVM
937,50,2,1,2.073003645465324,2,True,SVM
942,50,3,1,0.7195484253040973,3,True,SVM
948,50,1,1,2.1177083343847336,1,True,SVM
952,50,3,1,0.4626952663028838,3,True,SVM
955,50,0,0,0.691370362831428,2,False,SVM
956,50,0,1,0.7190332857760602,0,True,SVM
967,50,3,1,-0.2715956657291514,3,True,SVM
968,50,1,1,2.139738891734936,1,True,SVM
969,50,3,1,1.9424910602266898,3,True,SVM
973,50,1,1,1.3893685565121459,1,True,SVM
975,50,0,1,2.129198107006186,0,True,SVM
978,50,2,1,1.164765494918747,2,True,SVM
983,50,2,1,0.5283993987100715,2,True,SVM
986,50,1,1,0.8291269510250601,1,True,SVM
987,50,0,1,1.0751127269032885,0,True,SVM
993,50,2,1,-0.12139551302659868,2,True,SVM
1003,75,2,0,6.953936386366877e-05,1,False,SVM
1010,75,2,1,1.8236385048465351,2,True,SVM
1019,75,0,1,0.7925402551309517,0,True,SVM
1028,75,0,1,1.9860278513856287,0,True,SVM
1034,75,0,1,1.9333328185679122,0,True,SVM
1035,75,3,1,1.8366324672321674,3,True,SVM
1037,75,3,1,1.0062861161870629,3,True,SVM
1038,75,3,1,-0.1954905891675196,3,True,SVM
1039,75,0,1,2.1601868701484364,0,True,SVM
1040,75,1,1,1.5357841433916803,1,True,SVM
1042,75,0,0,0.42111732774817057,3,False,SVM
1043,75,2,1,1.081183733917122,2,True,SVM
1049,75,3,0,-0.6358139560706633,1,False,SVM
1056,75,2,1,1.9064732524976726,2,True,SVM
1057,75,0,1,1.6702042414909997,0,True,SVM
1059,75,1,1,1.2354880925458644,1,True,SVM
1065,75,1,1,1.3630259809055794,1,True,SVM
1066,75,3,1,0.6804360021230771,3,True,SVM
1068,75,2,1,1.3765812522312935,2,True,SVM
1072,75,1,1,0.5029478537358116,1,True,SVM
1073,75,3,1,1.6197770195561674,3,True,SVM
1080,75,3,1,1.8936058016529813,3,True,SVM
1085,75,1,1,-0.1641578961225605,1,True,SVM
1089,75,0,0,0.003933400839347456,3,False,SVM
1093,75,2,1,1.6528031048275054,2,True,SVM
1094,75,2,1,1.1144896655745455,2,True,SVM
1099,75,0,0,-0.0733885417045883,2,False,SVM
1104,75,1,1,1.8487001432931827,1,True,SVM
1109,75,3,1,1.1080505451724534,3,True,SVM
1110,75,2,0,0.24231160902771975,0,False,SVM
1114,75,2,1,1.3117715795159057,2,True,SVM
1118,75,0,1,1.6919863034914435,0,True,SVM
1122,75,0,1,0.6605205121766318,0,True,SVM
1126,75,3,0,1.439324441825999,0,False,SVM
1130,75,0,1,1.8817697859323346,0,True,SVM
1132,75,1,1,1.947490941416664,1,True,SVM
1133,75,3,1,1.4074584087460735,3,True,SVM
1139,75,3,1,-0.24431975317197185,3,True,SVM
1140,75,0,1,1.4644902502107868,0,True,SVM
1144,75,3,1,1.5100915111962863,3,True,SVM
1147,75,0,1,0.8343701930087768,0,True,SVM
1148,75,0,1,1.3781311807362542,0,True,SVM
1149,75,2,1,1.3646232070122863,2,True,SVM
1150,75,1,1,1.1744538295130837,1,True,SVM
1153,75,2,1,-0.45042993352776506,2,True,SVM
1154,75,3,1,1.6909352192645741,3,True,SVM
1159,75,1,0,0.7419864596786638,3,False,SVM
1161,75,2,1,1.7987784285503423,2,True,SVM
1162,75,0,1,1.7521912465794287,0,True,SVM
1164,75,1,1,0.7930335451668142,1,True,SVM
1166,75,2,1,1.6721465793433268,2,True,SVM
1177,75,1,1,0.032919153701378434,1,True,SVM
1185,75,3,0,-0.17726253191422714,1,False,SVM
1186,75,3,1,1.8061647413865387,3,True,SVM
1187,75,3,1,-0.3974334368271002,3,True,SVM
1188,75,1,1,1.2778106284426087,1,True,SVM
1189,75,2,0,1.275862132597009,3,False,SVM
1193,75,1,1,-0.013097550287515247,1,True,SVM
1197,75,1,1,0.21473532467525303,1,True,SVM
1201,75,0,1,1.9342218455839237,0,True,SVM
1207,75,0,1,0.263239563567101,0,True,SVM
1208,75,3,1,1.5172142457692743,3,True,SVM
1212,75,2,1,1.839925453654189,2,True,SVM
1216,75,0,1,1.4119956096208526,0,True,SVM
1217,75,2,1,0.9130532175200443,2,True,SVM
1219,75,0,1,1.679202638251759,0,True,SVM
1220,75,2,1,1.4935190110351826,2,True,SVM
1229,75,2,1,0.7373856583469944,2,True,SVM
1232,75,2,1,2.1053183351590015,2,True,SVM
1233,75,0,1,0.9763303733046982,0,True,SVM
1234,75,0,1,0.42153219314106494,0,True,SVM
1238,75,3,0,1.618804184907205,2,False,SVM
1239,75,0,1,1.7268100058446727,0,True,SVM
1242,75,2,0,-0.3596070617923992,3,False,SVM
1246,75,3,1,-0.2032770373458277,3,True,SVM
1247,75,1,1,1.035710925790685,1,True,SVM
1252,75,3,0,-0.544047838073439,1,False,SVM
1272,75,3,1,-0.674913622737332,3,True,SVM
1277,75,2,1,0.4731167877215796,2,True,SVM
1280,75,2,1,1.3806166415909367,2,True,SVM
1290,75,0,1,1.4957971264378216,0,True,SVM
1294,75,0,0,0.5088341550119786,2,False,SVM
1296,75,3,1,1.786810227158373,3,True,SVM
1297,75,2,1,-1.2975584582740787,2,True,SVM
1299,75,3,0,-0.3948725613242239,1,False,SVM
1300,75,3,1,1.5226409331270467,3,True,SVM
1302,75,2,1,-0.12220523458891108,2,True,SVM
1303,75,0,1,1.900636865241605,0,True,SVM
1307,75,1,1,1.1471634405546496,1,True,SVM
1311,75,2,1,-0.3982026772498166,2,True,SVM
1315,75,3,1,1.0858716747292405,3,True,SVM
1319,75,3,1,-0.30864783618171643,3,True,SVM
1321,75,1,1,1.9262725029063397,1,True,SVM
1323,75,3,1,0.606891491350769,3,True,SVM
1325,75,3,1,2.0470369701717885,3,True,SVM
1326,75,1,1,1.7826570409115199,1,True,SVM
1327,75,3,1,2.13045856108614,3,True,SVM
1329,75,0,0,-0.5323432911664483,1,False,SVM
1330,75,3,1,1.177638113466763,3,True,SVM
1331,75,1,1,1.859072777560943,1,True,SVM
1334,75,0,1,-0.8321025630965622,0,True,SVM
1335,75,3,1,1.578641872069909,3,True,SVM
1339,75,1,0,0.20944281952693444,2,False,SVM
1342,75,0,1,2.014838315424484,0,True,SVM
1344,75,2,1,1.2347826230333752,2,True,SVM
1349,75,2,1,1.6255445807935622,2,True,SVM
1353,75,2,1,1.3014029191762226,2,True,SVM
1357,75,2,1,1.5683685622038617,2,True,SVM
1358,75,2,1,1.4629298240400601,2,True,SVM
1361,75,2,0,0.6656952091503499,0,False,SVM
1366,75,3,1,1.3104348428176174,3,True,SVM
1368,75,0,1,1.0680870291268754,0,True,SVM
1373,75,3,1,1.9165232818507434,3,True,SVM
1374,75,0,1,1.211674586970986,0,True,SVM
1377,75,0,1,1.9897760460075418,0,True,SVM
1382,75,2,1,-0.6090570415684056,2,True,SVM
1384,75,3,0,-0.03771687441217608,2,False,SVM
1387,75,1,1,0.5477678298832274,1,True,SVM
1393,75,1,1,1.0386888280386195,1,True,SVM
1394,75,1,1,1.9251101824130714,1,True,SVM
1405,75,0,1,2.153151375895529,0,True,SVM
1409,75,0,0,1.2169840305034612,2,False,SVM
1413,75,0,1,0.9246285831230807,0,True,SVM
1415,75,3,1,0.8080801795412889,3,True,SVM
1421,75,0,1,1.9323598384599876,0,True,SVM
1422,75,3,0,-0.39536792571401236,1,False,SVM
1427,75,3,0,0.7989300744237369,0,False,SVM
1428,75,1,1,1.307624886492512,1,True,SVM
1429,75,0,1,1.6777749687006391,0,True,SVM
1430,75,1,1,1.6364048417283357,1,True,SVM
1434,75,3,1,1.7431053276871253,3,True,SVM
1436,75,3,1,1.7150772476770157,3,True,SVM
1437,75,1,1,0.5686008319649716,1,True,SVM
1438,75,0,1,1.8936988180702095,0,True,SVM
1441,75,1,0,1.829732922258298,0,False,SVM
1443,75,0,0,0.8291683061413053,2,False,SVM
1446,75,3,1,1.3312318994091683,3,True,SVM
1456,75,3,1,1.892743171100733,3,True,SVM
1461,75,2,0,-0.7094760910875983,3,False,SVM
1462,75,1,1,2.047094396246937,1,True,SVM
1471,75,0,1,1.3591222729216312,0,True,SVM
1481,75,1,1,1.447197631223613,1,True,SVM
1482,75,1,0,1.1305615807507863,2,False,SVM
1488,75,1,1,1.8022006060246518,1,True,SVM
1489,75,0,1,2.1069481634916514,0,True,SVM
1491,75,2,1,1.8369007081274908,2,True,SVM
1492,75,3,1,0.6959865511026102,3,True,SVM
1493,75,2,0,-1.7235888139475648,0,False,SVM
1494,75,3,1,1.9778447732368534,3,True,SVM
1505,100,1,1,-0.7076029200197063,1,True,SVM
1512,100,2,1,-0.6583430641875587,2,True,SVM
1513,100,3,1,1.2678674177480076,3,True,SVM
1514,100,3,0,0.3742322425402165,0,False,SVM
1515,100,0,1,1.457836659598577,0,True,SVM
1517,100,3,1,0.8495687447681668,3,True,SVM
1532,100,0,1,1.5688001159553515,0,True,SVM
1533,100,2,1,1.4913881210819042,2,True,SVM
1534,100,2,1,1.38474791244154,2,True,SVM
1540,100,0,0,0.9258834774688793,2,False,SVM
1542,100,2,1,0.8341743051377684,2,True,SVM
1544,100,1,1,-0.2689896171237045,1,True,SVM
1550,100,3,1,-0.036462128072862754,3,True,SVM
1557,100,3,1,0.3241660255346055,3,True,SVM
1558,100,2,0,1.1362200860484641,0,False,SVM
1562,100,3,0,-0.40101807178112736,2,False,SVM
1564,100,2,0,0.8293320158797641,1,False,SVM
1566,100,1,0,0.13144171223472512,3,False,SVM
1567,100,3,1,1.4444677529632592,3,True,SVM
1569,100,0,1,1.4316171881184374,0,True,SVM
1579,100,0,1,1.3514152616500859,0,True,SVM
1581,100,0,1,1.2848382118678785,0,True,SVM
1583,100,3,1,1.429864399552244,3,True,SVM
1586,100,0,1,1.137058729563325,0,True,SVM
1588,100,3,1,1.2532902447419048,3,True,SVM
1591,100,3,1,0.7359369152357829,3,True,SVM
1592,100,1,0,-0.5234806561600962,0,False,SVM
1593,100,2,1,1.6794036082215236,2,True,SVM
1595,100,2,0,-0.5152181968411327,0,False,SVM
1604,100,2,1,0.8393581534358674,2,True,SVM
1605,100,0,1,1.3478347643131983,0,True,SVM
1617,100,0,1,1.1975329858749788,0,True,SVM
1620,100,3,0,0.476542816433863,1,False,SVM
1623,100,0,1,0.4330597648587613,0,True,SVM
1626,100,3,1,1.2380416638627523,3,True,SVM
1628,100,0,0,-0.11684099557322725,3,False,SVM
1629,100,2,1,-0.4971830882659418,2,True,SVM
1635,100,1,1,1.1943894366325765,1,True,SVM
1637,100,3,1,1.085093109340555,3,True,SVM
1640,100,2,1,1.196912223713408,2,True,SVM
1642,100,0,1,1.4054377540511673,0,True,SVM
1643,100,0,1,1.3579109931538014,0,True,SVM
1649,100,2,1,1.512556058787748,2,True,SVM
1664,100,0,1,1.4603281600061493,0,True,SVM
1665,100,1,0,0.40857328200614873,2,False,SVM
1672,100,2,1,1.1038836799984253,2,True,SVM
1674,100,1,1,1.40621790139744,1,True,SVM
1675,100,3,1,1.100226046534985,3,True,SVM
1676,100,2,0,-0.30562309426426637,0,False,SVM
1685,100,3,1,1.5480864215663388,3,True,SVM
1690,100,0,1,1.6920455232398126,0,True,SVM
1695,100,2,1,0.6098187171258118,2,True,SVM
1696,100,1,1,1.2682171318303759,1,True,SVM
1700,100,3,1,1.3388037724501984,3,True,SVM
1702,100,1,1,1.0867119730804404,1,True,SVM
1704,100,1,0,1.449484508952203,3,False,SVM
1706,100,2,1,1.197999057610165,2,True,SVM
1707,100,3,1,1.2327171155373478,3,True,SVM
1712,100,1,1,1.278144517164577,1,True,SVM
1714,100,0,1,0.9333787095473056,0,True,SVM
1720,100,0,0,0.976027760919564,2,False,SVM
1727,100,1,1,1.4919775787380338,1,True,SVM
1730,100,2,1,1.146818551304797,2,True,SVM
1734,100,2,0,-0.10523138674076193,1,False,SVM
1735,100,2,0,-0.24379178454443462,1,False,SVM
1736,100,2,1,1.41896700292612,2,True,SVM
1739,100,1,1,1.1324812320618989,1,True,SVM
1740,100,0,0,0.10676902761434803,3,False,SVM
1743,100,1,1,0.8111467557515688,1,True,SVM
1746,100,0,1,1.400646466484332,0,True,SVM
1747,100,0,0,-0.396555863261959,2,False,SVM
1748,100,1,1,0.8933832891994093,1,True,SVM
1749,100,0,1,1.4802519077667888,0,True,SVM
1750,100,3,1,1.1719737949239928,3,True,SVM
1758,100,2,0,1.502077725042188,3,False,SVM
1759,100,1,1,1.6191326357060376,1,True,SVM
1760,100,0,1,1.576735521194852,0,True,SVM
1761,100,2,1,0.3152408263753017,2,True,SVM
1765,100,1,1,1.7483827214894099,1,True,SVM
1766,100,2,1,1.6506045797996372,2,True,SVM
1767,100,3,1,1.399094297115056,3,True,SVM
1769,100,1,0,0.6710671365797225,0,False,SVM
1774,100,0,1,0.6108674500695095,0,True,SVM
1777,100,2,0,1.2086631011247917,0,False,SVM
1778,100,2,0,0.30547448910041197,1,False,SVM
1780,100,1,1,0.9983315619488735,1,True,SVM
1782,100,0,1,1.6742812403099592,0,True,SVM
1786,100,2,0,0.7486613913800575,3,False,SVM
1788,100,2,1,1.6265518136412496,2,True,SVM
1791,100,2,1,1.4685259713615615,2,True,SVM
1792,100,2,1,1.3532715142994256,2,True,SVM
1794,100,3,1,0.2581712742397606,3,True,SVM
1797,100,1,1,0.7825295723105512,1,True,SVM
1800,100,0,0,-0.4604643215668176,2,False,SVM
1804,100,1,1,1.7693457091809712,1,True,SVM
1807,100,1,1,1.2455280898050773,1,True,SVM
1808,100,3,1,0.41635416342169407,3,True,SVM
1817,100,0,0,-0.6636245772129215,2,False,SVM
1832,100,2,1,0.8798345381833634,2,True,SVM
1839,100,0,1,1.1838198790466414,0,True,SVM
1840,100,3,1,0.993036811782936,3,True,SVM
1845,100,2,1,1.3504923918793956,2,True,SVM
1847,100,3,0,-0.4283624632833565,0,False,SVM
1850,100,3,1,1.0874995397624225,3,True,SVM
1852,100,2,0,-0.2060934735464066,0,False,SVM
1854,100,1,1,0.2687596770384957,1,True,SVM
1857,100,1,0,0.23977006043939397,2,False,SVM
1861,100,3,1,0.9033116057257473,3,True,SVM
1863,100,1,1,0.4239985852024404,1,True,SVM
1864,100,3,0,1.5324480682645323,1,False,SVM
1873,100,2,1,0.405560734236289,2,True,SVM
1876,100,0,1,0.9003912388794717,0,True,SVM
1884,100,1,1,1.0310853407406029,1,True,SVM
1889,100,3,1,0.7084976254668689,3,True,SVM
1896,100,1,1,-0.3128380828665094,1,True,SVM
1902,100,2,1,1.2580508223166795,2,True,SVM
1904,100,1,1,1.3943535203670834,1,True,SVM
1905,100,1,0,1.2648505976550943,3,False,SVM
1906,100,1,1,0.5388326416418181,1,True,SVM
1913,100,0,1,1.0796434030894275,0,True,SVM
1914,100,1,0,0.5378662845539246,3,False,SVM
1915,100,1,1,0.4795343799424572,1,True,SVM
1921,100,1,0,1.2935694395043242,3,False,SVM
1925,100,1,0,0.1146052121461949,3,False,SVM
1926,100,2,1,1.3538531886343854,2,True,SVM
1927,100,0,1,1.0455317693272121,0,True,SVM
1929,100,3,1,-0.2239310565533259,3,True,SVM
1931,100,2,0,-0.1898469397132594,1,False,SVM
1935,100,2,1,1.6231516653866578,2,True,SVM
1945,100,1,1,1.259496705734474,1,True,SVM
1946,100,3,1,0.4844733383412958,3,True,SVM
1950,100,3,1,0.9240004523193761,3,True,SVM
1951,100,2,1,0.8555130421512125,2,True,SVM
1952,100,0,1,1.5468289694155999,0,True,SVM
1953,100,0,1,1.3688158790919331,0,True,SVM
1954,100,1,0,0.3562154267608122,2,False,SVM
1958,100,3,1,1.3760707154351906,3,True,SVM
1959,100,0,1,1.1337772593633915,0,True,SVM
1971,100,3,1,1.3321094862990819,3,True,SVM
1972,100,2,1,1.363849357785817,2,True,SVM
1973,100,1,1,1.5024884176527422,1,True,SVM
1974,100,2,1,0.839046267826788,2,True,SVM
1975,100,0,0,-0.8080281770418054,2,False,SVM
1980,100,1,0,1.581961417929442,0,False,SVM
1981,100,1,1,1.2898191315864231,1,True,SVM
1984,100,2,0,1.0927084848432465,0,False,SVM
1987,100,2,1,1.3717549459240317,2,True,SVM
1988,100,3,1,1.6188188161191732,3,True,SVM
1990,100,0,1,1.4495520416923604,0,True,SVM
1995,100,2,0,0.5886108902733866,0,False,SVM
1996,100,0,1,0.47292644729196454,0,True,SVM
1,25,0,0,0.39622641509433965,1,False,DTC
4,25,0,1,0.68,0,True,DTC
5,25,0,1,0.9523809523809523,0,True,DTC
8,25,3,1,0.36585365853658536,3,True,DTC
10,25,3,1,0.44776119402985076,3,True,DTC
13,25,0,1,0.4583333333333333,0,True,DTC
14,25,3,1,0.9523809523809523,3,True,DTC
15,25,3,1,0.39622641509433965,3,True,DTC
16,25,0,0,0.9523809523809523,3,False,DTC
24,25,0,0,0.41304347826086957,3,False,DTC
25,25,0,0,0.9523809523809523,1,False,DTC
29,25,2,1,0.6086956521739131,2,True,DTC
36,25,2,1,0.8923076923076924,2,True,DTC
37,25,2,0,0.034482758620689655,0,False,DTC
42,25,3,1,0.68,3,True,DTC
43,25,0,1,0.9523809523809523,0,True,DTC
45,25,2,1,0.41304347826086957,2,True,DTC
47,25,1,1,0.3142857142857143,1,True,DTC
50,25,3,0,0.3333333333333333,0,False,DTC
52,25,0,0,0.3142857142857143,3,False,DTC
54,25,0,1,0.39622641509433965,0,True,DTC
59,25,1,1,0.8923076923076924,1,True,DTC
61,25,0,1,0.29577464788732394,0,True,DTC
62,25,1,1,0.9523809523809523,1,True,DTC
72,25,2,1,0.29577464788732394,2,True,DTC
73,25,0,1,0.29577464788732394,0,True,DTC
75,25,3,1,0.8923076923076924,3,True,DTC
78,25,3,0,0.29310344827586204,0,False,DTC
79,25,3,1,0.68,3,True,DTC
83,25,1,1,0.68,1,True,DTC
84,25,1,1,0.8923076923076924,1,True,DTC
87,25,2,1,0.21052631578947367,2,True,DTC
90,25,2,1,0.68,2,True,DTC
96,25,0,0,0.0,2,False,DTC
98,25,3,0,0.3142857142857143,1,False,DTC
110,25,0,1,0.36585365853658536,0,True,DTC
113,25,1,0,0.1,0,False,DTC
118,25,2,1,0.39622641509433965,2,True,DTC
128,25,2,1,0.6086956521739131,2,True,DTC
133,25,1,1,0.8923076923076924,1,True,DTC
134,25,3,0,0.29577464788732394,2,False,DTC
135,25,3,1,0.39622641509433965,3,True,DTC
140,25,2,1,0.020833333333333332,2,True,DTC
142,25,3,1,0.04,3,True,DTC
145,25,0,1,0.29577464788732394,0,True,DTC
147,25,1,1,0.25,1,True,DTC
149,25,1,0,0.3142857142857143,2,False,DTC
153,25,0,0,0.41304347826086957,2,False,DTC
155,25,3,1,0.9523809523809523,3,True,DTC
159,25,3,1,0.26,3,True,DTC
167,25,2,0,0.3142857142857143,0,False,DTC
171,25,0,0,0.028169014084507043,3,False,DTC
176,25,1,0,0.25,2,False,DTC
178,25,2,0,0.3142857142857143,1,False,DTC
186,25,3,1,0.68,3,True,DTC
189,25,1,1,0.6086956521739131,1,True,DTC
194,25,3,0,0.4583333333333333,0,False,DTC
195,25,2,0,0.21052631578947367,3,False,DTC
196,25,1,1,0.41304347826086957,1,True,DTC
197,25,0,1,0.4583333333333333,0,True,DTC
200,25,1,1,0.6307692307692307,1,True,DTC
203,25,0,0,0.38461538461538464,3,False,DTC
204,25,1,1,0.25,1,True,DTC
205,25,0,1,0.08695652173913043,0,True,DTC
212,25,3,1,0.6086956521739131,3,True,DTC
214,25,1,1,0.29577464788732394,1,True,DTC
215,25,3,1,0.8923076923076924,3,True,DTC
218,25,1,1,0.21052631578947367,1,True,DTC
221,25,2,1,0.68,2,True,DTC
224,25,3,1,0.41304347826086957,3,True,DTC
226,25,1,1,0.8923076923076924,1,True,DTC
228,25,2,1,0.8923076923076924,2,True,DTC
229,25,2,0,0.41304347826086957,1,False,DTC
237,25,3,1,0.5636363636363636,3,True,DTC
239,25,0,1,0.39622641509433965,0,True,DTC
241,25,1,1,0.6307692307692307,1,True,DTC
244,25,3,1,0.3142857142857143,3,True,DTC
245,25,0,1,0.8923076923076924,0,True,DTC
247,25,3,1,0.3142857142857143,3,True,DTC
260,25,3,1,0.8923076923076924,3,True,DTC
261,25,3,1,0.39622641509433965,3,True,DTC
263,25,2,1,0.39622641509433965,2,True,DTC
264,25,1,1,0.6086956521739131,1,True,DTC
275,25,1,1,0.8923076923076924,1,True,DTC
276,25,0,1,0.1891891891891892,0,True,DTC
277,25,1,1,0.8923076923076924,1,True,DTC
279,25,3,0,0.42105263157894735,1,False,DTC
284,25,0,0,0.3142857142857143,2,False,DTC
289,25,1,1,0.68,1,True,DTC
290,25,1,0,0.26,0,False,DTC
291,25,1,1,0.08695652173913043,1,True,DTC
293,25,1,1,0.3142857142857143,1,True,DTC
295,25,0,1,0.8,0,True,DTC
299,25,1,1,0.9523809523809523,1,True,DTC
301,25,2,1,0.8923076923076924,2,True,DTC
302,25,0,1,0.29577464788732394,0,True,DTC
306,25,0,0,0.6307692307692307,2,False,DTC
310,25,1,1,0.6307692307692307,1,True,DTC
311,25,3,1,0.68,3,True,DTC
325,25,2,1,0.3142857142857143,2,True,DTC
327,25,0,1,0.9523809523809523,0,True,DTC
332,25,2,1,0.6086956521739131,2,True,DTC
333,25,2,1,0.41304347826086957,2,True,DTC
334,25,0,1,0.8923076923076924,0,True,DTC
335,25,0,0,0.29577464788732394,2,False,DTC
336,25,3,1,0.9523809523809523,3,True,DTC
338,25,3,0,0.39622641509433965,0,False,DTC
341,25,1,1,0.3157894736842105,1,True,DTC
343,25,0,1,0.68,0,True,DTC
345,25,0,1,0.6307692307692307,0,True,DTC
352,25,2,1,0.9523809523809523,2,True,DTC
354,25,2,1,0.26,2,True,DTC
355,25,0,1,0.7368421052631579,0,True,DTC
357,25,1,0,0.4583333333333333,2,False,DTC
358,25,0,0,0.68,1,False,DTC
360,25,3,1,0.0547945205479452,3,True,DTC
366,25,1,0,0.41304347826086957,0,False,DTC
371,25,0,0,0.42105263157894735,2,False,DTC
372,25,3,1,0.5636363636363636,3,True,DTC
373,25,0,0,0.39622641509433965,1,False,DTC
376,25,3,0,0.6307692307692307,2,False,DTC
382,25,0,0,0.42105263157894735,1,False,DTC
384,25,3,1,0.16,3,True,DTC
386,25,0,1,0.3142857142857143,0,True,DTC
388,25,1,0,0.39622641509433965,0,False,DTC
389,25,3,0,0.10294117647058823,1,False,DTC
391,25,2,1,0.6307692307692307,2,True,DTC
396,25,2,1,0.9523809523809523,2,True,DTC
397,25,1,1,0.9523809523809523,1,True,DTC
398,25,3,1,0.41304347826086957,3,True,DTC
402,25,1,1,0.39622641509433965,1,True,DTC
403,25,1,1,0.41304347826086957,1,True,DTC
406,25,1,1,0.25,1,True,DTC
410,25,3,0,0.3333333333333333,0,False,DTC
411,25,3,1,0.39622641509433965,3,True,DTC
425,25,3,1,0.5636363636363636,3,True,DTC
428,25,0,1,0.68,0,True,DTC
432,25,3,1,0.9523809523809523,3,True,DTC
433,25,1,1,0.4,1,True,DTC
434,25,0,1,0.5636363636363636,0,True,DTC
438,25,2,1,0.68,2,True,DTC
444,25,0,1,0.8923076923076924,0,True,DTC
445,25,0,0,0.44776119402985076,1,False,DTC
458,25,3,1,0.8923076923076924,3,True,DTC
464,25,3,1,0.6307692307692307,3,True,DTC
467,25,3,1,0.9523809523809523,3,True,DTC
468,25,2,1,0.8923076923076924,2,True,DTC
471,25,1,1,0.44776119402985076,1,True,DTC
478,25,0,0,0.8923076923076924,2,False,DTC
488,25,1,0,0.4166666666666667,2,False,DTC
510,50,3,1,0.7755102040816326,3,True,DTC
515,50,2,1,0.76,2,True,DTC
517,50,1,0,0.8939393939393939,2,False,DTC
518,50,2,1,0.76,2,True,DTC
521,50,1,1,0.1568627450980392,1,True,DTC
525,50,2,1,0.7755102040816326,2,True,DTC
526,50,0,1,0.8,0,True,DTC
529,50,3,1,0.26,3,True,DTC
530,50,3,0,0.10294117647058823,1,False,DTC
531,50,3,1,0.8939393939393939,3,True,DTC
535,50,3,1,0.6086956521739131,3,True,DTC
537,50,2,1,0.3333333333333333,2,True,DTC
539,50,0,0,0.6,3,False,DTC
542,50,3,0,0.29310344827586204,0,False,DTC
546,50,3,0,0.18421052631578946,2,False,DTC
551,50,0,1,0.21052631578947367,0,True,DTC
564,50,2,0,0.4166666666666667,3,False,DTC
574,50,0,1,0.6086956521739131,0,True,DTC
575,50,0,1,0.8939393939393939,0,True,DTC
576,50,2,0,0.6086956521739131,0,False,DTC
578,50,0,1,0.14583333333333334,0,True,DTC
579,50,2,0,0.36585365853658536,0,False,DTC
580,50,3,0,0.21052631578947367,2,False,DTC
584,50,3,0,0.6086956521739131,2,False,DTC
585,50,1,1,0.8939393939393939,1,True,DTC
589,50,3,1,0.6595744680851063,3,True,DTC
590,50,2,1,0.7755102040816326,2,True,DTC
592,50,3,1,0.6086956521739131,3,True,DTC
593,50,0,1,0.8939393939393939,0,True,DTC
594,50,0,0,0.273972602739726,1,False,DTC
598,50,3,1,0.8939393939393939,3,True,DTC
602,50,3,1,0.273972602739726,3,True,DTC
603,50,1,1,0.8939393939393939,1,True,DTC
604,50,1,0,0.21428571428571427,2,False,DTC
606,50,1,1,0.352112676056338,1,True,DTC
614,50,3,1,0.6307692307692307,3,True,DTC
617,50,0,1,0.873015873015873,0,True,DTC
619,50,1,1,0.6,1,True,DTC
624,50,2,1,0.8939393939393939,2,True,DTC
627,50,3,1,0.76,3,True,DTC
628,50,3,0,0.21428571428571427,2,False,DTC
634,50,3,0,0.29577464788732394,2,False,DTC
636,50,3,1,0.36585365853658536,3,True,DTC
637,50,1,1,0.8939393939393939,1,True,DTC
639,50,0,0,0.21052631578947367,1,False,DTC
645,50,3,0,0.352112676056338,1,False,DTC
649,50,1,1,0.21052631578947367,1,True,DTC
653,50,1,0,0.4583333333333333,3,False,DTC
657,50,0,1,0.8,0,True,DTC
661,50,2,1,0.08695652173913043,2,True,DTC
664,50,3,1,0.6595744680851063,3,True,DTC
670,50,1,1,0.873015873015873,1,True,DTC
676,50,3,1,0.8939393939393939,3,True,DTC
677,50,1,1,0.8939393939393939,1,True,DTC
680,50,0,0,0.9523809523809523,1,False,DTC
686,50,3,1,0.273972602739726,3,True,DTC
687,50,1,1,0.6,1,True,DTC
691,50,3,1,0.6086956521739131,3,True,DTC
699,50,3,0,0.7755102040816326,1,False,DTC
700,50,0,1,0.6595744680851063,0,True,DTC
703,50,2,1,0.7755102040816326,2,True,DTC
707,50,2,1,0.7755102040816326,2,True,DTC
708,50,2,1,0.5,2,True,DTC
717,50,3,0,0.26,2,False,DTC
719,50,0,1,0.5636363636363636,0,True,DTC
720,50,3,0,0.06,1,False,DTC
723,50,0,0,0.42105263157894735,1,False,DTC
727,50,2,1,0.8939393939393939,2,True,DTC
732,50,0,1,0.8939393939393939,0,True,DTC
733,50,1,1,0.76,1,True,DTC
740,50,1,1,0.7755102040816326,1,True,DTC
745,50,2,0,0.1891891891891892,3,False,DTC
746,50,1,1,0.7755102040816326,1,True,DTC
748,50,2,1,0.6595744680851063,2,True,DTC
751,50,2,0,0.5636363636363636,3,False,DTC
757,50,2,1,0.352112676056338,2,True,DTC
759,50,0,1,0.3157894736842105,0,True,DTC
760,50,2,1,0.8939393939393939,2,True,DTC
765,50,2,0,0.8939393939393939,0,False,DTC
766,50,0,1,0.7755102040816326,0,True,DTC
773,50,1,1,0.7755102040816326,1,True,DTC
774,50,1,1,0.273972602739726,1,True,DTC
775,50,0,1,0.8939393939393939,0,True,DTC
776,50,3,1,0.21052631578947367,3,True,DTC
784,50,0,0,0.0,2,False,DTC
785,50,1,1,0.8939393939393939,1,True,DTC
786,50,2,1,0.5,2,True,DTC
788,50,2,1,0.04,2,True,DTC
791,50,2,0,0.4583333333333333,3,False,DTC
795,50,3,0,0.15,0,False,DTC
797,50,3,0,0.39622641509433965,2,False,DTC
799,50,3,1,0.8939393939393939,3,True,DTC
805,50,1,1,0.873015873015873,1,True,DTC
806,50,0,0,0.3157894736842105,3,False,DTC
807,50,2,1,0.8939393939393939,2,True,DTC
808,50,3,1,0.873015873015873,3,True,DTC
813,50,3,1,0.76,3,True,DTC
814,50,0,0,0.21052631578947367,1,False,DTC
822,50,2,1,0.3157894736842105,2,True,DTC
823,50,1,1,0.8939393939393939,1,True,DTC
824,50,3,1,0.6086956521739131,3,True,DTC
825,50,3,1,0.873015873015873,3,True,DTC
831,50,2,0,0.3333333333333333,0,False,DTC
832,50,1,1,0.6595744680851063,1,True,DTC
837,50,1,1,0.3157894736842105,1,True,DTC
838,50,2,1,0.6086956521739131,2,True,DTC
839,50,0,1,0.8939393939393939,0,True,DTC
844,50,2,1,0.26,2,True,DTC
846,50,3,1,0.21052631578947367,3,True,DTC
851,50,0,1,0.18421052631578946,0,True,DTC
853,50,1,0,0.5636363636363636,2,False,DTC
854,50,0,1,0.29577464788732394,0,True,DTC
857,50,1,0,0.03571428571428571,0,False,DTC
858,50,1,0,0.3157894736842105,0,False,DTC
860,50,3,1,0.8939393939393939,3,True,DTC
867,50,2,1,0.3333333333333333,2,True,DTC
870,50,2,0,0.6,1,False,DTC
873,50,2,0,0.39622641509433965,0,False,DTC
876,50,0,0,0.03571428571428571,1,False,DTC
883,50,0,1,0.6595744680851063,0,True,DTC
884,50,0,1,0.352112676056338,0,True,DTC
885,50,0,1,0.76,0,True,DTC
887,50,1,1,0.873015873015873,1,True,DTC
889,50,2,1,0.3333333333333333,2,True,DTC
893,50,3,1,0.873015873015873,3,True,DTC
896,50,1,1,0.7755102040816326,1,True,DTC
903,50,1,1,0.8939393939393939,1,True,DTC
907,50,2,1,0.3333333333333333,2,True,DTC
913,50,0,1,0.42105263157894735,0,True,DTC
916,50,1,0,0.3333333333333333,0,False,DTC
921,50,3,1,0.352112676056338,3,True,DTC
927,50,0,1,0.873015873015873,0,True,DTC
933,50,2,0,0.29577464788732394,3,False,DTC
934,50,2,1,0.6595744680851063,2,True,DTC
937,50,2,1,0.8939393939393939,2,True,DTC
942,50,1,0,0.5636363636363636,3,False,DTC
948,50,1,1,0.8939393939393939,1,True,DTC
952,50,3,1,0.4583333333333333,3,True,DTC
955,50,2,1,0.5,2,True,DTC
956,50,0,1,0.8939393939393939,0,True,DTC
967,50,3,1,0.3157894736842105,3,True,DTC
968,50,1,1,0.8939393939393939,1,True,DTC
969,50,3,1,0.76,3,True,DTC
973,50,1,1,0.7755102040816326,1,True,DTC
975,50,0,1,0.6307692307692307,0,True,DTC
978,50,2,1,0.352112676056338,2,True,DTC
983,50,2,1,0.3157894736842105,2,True,DTC
986,50,1,1,0.352112676056338,1,True,DTC
987,50,0,1,0.6595744680851063,0,True,DTC
993,50,2,1,0.3157894736842105,2,True,DTC
1003,75,2,0,0.15,1,False,DTC
1010,75,2,1,0.6,2,True,DTC
1019,75,0,1,0.22033898305084745,0,True,DTC
1028,75,0,1,0.92,0,True,DTC
1034,75,0,1,0.9166666666666666,0,True,DTC
1035,75,3,1,0.9166666666666666,3,True,DTC
1037,75,3,1,0.76,3,True,DTC
1038,75,3,1,0.109375,3,True,DTC
1039,75,0,1,1.0,0,True,DTC
1040,75,1,1,0.44776119402985076,1,True,DTC
1042,75,3,1,0.5,3,True,DTC
1043,75,2,1,0.873015873015873,2,True,DTC
1049,75,3,0,0.06,1,False,DTC
1056,75,2,1,0.7755102040816326,2,True,DTC
1057,75,0,1,0.6595744680851063,0,True,DTC
1059,75,1,1,0.3157894736842105,1,True,DTC
1065,75,0,0,0.5636363636363636,1,False,DTC
1066,75,3,1,0.352112676056338,3,True,DTC
1068,75,2,1,0.058823529411764705,2,True,DTC
1072,75,1,1,0.352112676056338,1,True,DTC
1073,75,3,1,0.9166666666666666,3,True,DTC
1080,75,3,1,1.0,3,True,DTC
1085,75,1,1,0.12121212121212122,1,True,DTC
1089,75,0,0,0.203125,3,False,DTC
1093,75,2,1,0.38461538461538464,2,True,DTC
1094,75,2,1,0.6595744680851063,2,True,DTC
1099,75,0,0,0.4,2,False,DTC
1104,75,1,1,0.9166666666666666,1,True,DTC
1109,75,2,0,0.6307692307692307,3,False,DTC
1110,75,1,0,0.18421052631578946,0,False,DTC
1114,75,2,1,0.44776119402985076,2,True,DTC
1118,75,0,1,0.675,0,True,DTC
1122,75,0,1,0.6307692307692307,0,True,DTC
1126,75,0,1,0.8939393939393939,0,True,DTC
1130,75,0,1,0.9166666666666666,0,True,DTC
1132,75,1,1,0.9166666666666666,1,True,DTC
1133,75,3,1,0.76,3,True,DTC
1139,75,1,0,0.12121212121212122,3,False,DTC
1140,75,0,1,0.7755102040816326,0,True,DTC
1144,75,3,1,0.44776119402985076,3,True,DTC
1147,75,0,1,0.45454545454545453,0,True,DTC
1148,75,0,1,0.6086956521739131,0,True,DTC
1149,75,2,1,0.873015873015873,2,True,DTC
1150,75,0,0,0.352112676056338,1,False,DTC
1153,75,2,1,0.12121212121212122,2,True,DTC
1154,75,3,1,0.44776119402985076,3,True,DTC
1159,75,0,0,0.7368421052631579,3,False,DTC
1161,75,2,1,0.92,2,True,DTC
1162,75,0,1,0.675,0,True,DTC
1164,75,1,1,0.29310344827586204,1,True,DTC
1166,75,2,1,0.8,2,True,DTC
1177,75,1,1,0.203125,1,True,DTC
1185,75,1,1,0.273972602739726,1,True,DTC
1186,75,3,1,0.92,3,True,DTC
1187,75,3,1,0.15,3,True,DTC
1188,75,1,1,0.7368421052631579,1,True,DTC
1189,75,2,0,0.76,3,False,DTC
1193,75,2,0,0.109375,1,False,DTC
1197,75,3,0,0.028169014084507043,1,False,DTC
1201,75,0,1,1.0,0,True,DTC
1207,75,1,0,0.352112676056338,0,False,DTC
1208,75,3,1,0.6595744680851063,3,True,DTC
1212,75,2,1,0.9166666666666666,2,True,DTC
1216,75,2,0,0.5636363636363636,0,False,DTC
1217,75,2,1,0.7755102040816326,2,True,DTC
1219,75,0,1,0.6595744680851063,0,True,DTC
1220,75,2,1,0.44776119402985076,2,True,DTC
1229,75,2,1,0.8939393939393939,2,True,DTC
1232,75,2,1,0.92,2,True,DTC
1233,75,0,1,0.29310344827586204,0,True,DTC
1234,75,0,1,0.10294117647058823,0,True,DTC
1238,75,3,0,0.675,2,False,DTC
1239,75,0,1,0.92,0,True,DTC
1242,75,3,1,0.3157894736842105,3,True,DTC
1246,75,1,0,0.29310344827586204,3,False,DTC
1247,75,1,1,0.6595744680851063,1,True,DTC
1252,75,2,0,0.273972602739726,1,False,DTC
1272,75,0,0,0.06493506493506493,3,False,DTC
1277,75,2,1,0.29310344827586204,2,True,DTC
1280,75,2,1,0.76,2,True,DTC
1290,75,0,1,0.76,0,True,DTC
1294,75,0,0,0.3157894736842105,2,False,DTC
1296,75,3,1,0.92,3,True,DTC
1297,75,2,1,0.08695652173913043,2,True,DTC
1299,75,2,0,0.6307692307692307,1,False,DTC
1300,75,3,1,0.5490196078431373,3,True,DTC
1302,75,1,0,0.203125,2,False,DTC
1303,75,0,1,0.92,0,True,DTC
1307,75,1,1,0.8,1,True,DTC
1311,75,2,1,0.3157894736842105,2,True,DTC
1315,75,3,1,0.76,3,True,DTC
1319,75,0,0,0.22033898305084745,3,False,DTC
1321,75,1,1,0.9166666666666666,1,True,DTC
1323,75,1,0,0.6307692307692307,3,False,DTC
1325,75,3,1,0.92,3,True,DTC
1326,75,1,1,0.92,1,True,DTC
1327,75,3,1,0.92,3,True,DTC
1329,75,0,0,0.21052631578947367,1,False,DTC
1330,75,3,1,0.675,3,True,DTC
1331,75,1,1,0.6,1,True,DTC
1334,75,3,0,0.4,0,False,DTC
1335,75,3,1,0.7755102040816326,3,True,DTC
1339,75,2,1,0.3157894736842105,2,True,DTC
1342,75,0,1,0.92,0,True,DTC
1344,75,2,1,0.7755102040816326,2,True,DTC
1349,75,0,0,0.8,2,False,DTC
1353,75,2,1,0.6595744680851063,2,True,DTC
1357,75,2,1,0.9166666666666666,2,True,DTC
1358,75,3,0,0.6086956521739131,2,False,DTC
1361,75,3,0,0.36585365853658536,0,False,DTC
1366,75,3,1,0.7755102040816326,3,True,DTC
1368,75,2,0,0.4166666666666667,0,False,DTC
1373,75,3,1,1.0,3,True,DTC
1374,75,0,1,0.8,0,True,DTC
1377,75,0,1,0.92,0,True,DTC
1382,75,0,0,0.4166666666666667,2,False,DTC
1384,75,2,1,0.7368421052631579,2,True,DTC
1387,75,3,0,0.5636363636363636,1,False,DTC
1393,75,1,1,0.352112676056338,1,True,DTC
1394,75,1,1,0.9166666666666666,1,True,DTC
1405,75,0,1,1.0,0,True,DTC
1409,75,3,0,0.76,2,False,DTC
1413,75,0,1,0.36585365853658536,0,True,DTC
1415,75,3,1,0.29310344827586204,3,True,DTC
1421,75,0,1,0.9166666666666666,0,True,DTC
1422,75,3,0,0.21052631578947367,1,False,DTC
1427,75,1,0,0.1891891891891892,0,False,DTC
1428,75,2,0,0.1568627450980392,1,False,DTC
1429,75,0,1,0.44776119402985076,0,True,DTC
1430,75,1,1,0.675,1,True,DTC
1434,75,1,0,0.7755102040816326,3,False,DTC
1436,75,3,1,0.44776119402985076,3,True,DTC
1437,75,1,1,0.7755102040816326,1,True,DTC
1438,75,0,1,0.9166666666666666,0,True,DTC
1441,75,0,1,0.6,0,True,DTC
1443,75,2,1,0.3157894736842105,2,True,DTC
1446,75,3,1,0.3157894736842105,3,True,DTC
1456,75,3,1,0.9166666666666666,3,True,DTC
1461,75,2,0,0.18421052631578946,3,False,DTC
1462,75,1,1,0.92,1,True,DTC
1471,75,0,1,0.6595744680851063,0,True,DTC
1481,75,1,1,0.6595744680851063,1,True,DTC
1482,75,1,0,0.7755102040816326,2,False,DTC
1488,75,3,0,0.8,1,False,DTC
1489,75,0,1,0.92,0,True,DTC
1491,75,2,1,0.6,2,True,DTC
1492,75,3,1,0.352112676056338,3,True,DTC
1493,75,2,0,0.1,0,False,DTC
1494,75,3,1,0.92,3,True,DTC
1505,100,1,1,0.1568627450980392,1,True,DTC
1512,100,2,1,0.3157894736842105,2,True,DTC
1513,100,3,1,1.0,3,True,DTC
1514,100,0,1,0.6,0,True,DTC
1515,100,0,1,0.9240506329113924,0,True,DTC
1517,100,3,1,0.6,3,True,DTC
1532,100,0,1,0.8260869565217391,0,True,DTC
1533,100,2,1,0.9240506329113924,2,True,DTC
1534,100,2,1,0.44776119402985076,2,True,DTC
1540,100,0,0,0.5490196078431373,2,False,DTC
1542,100,0,0,0.6086956521739131,2,False,DTC
1544,100,1,1,0.42105263157894735,1,True,DTC
1550,100,3,1,0.2727272727272727,3,True,DTC
1557,100,3,1,0.25,3,True,DTC
1558,100,0,1,1.0,0,True,DTC
1562,100,1,0,0.25,2,False,DTC
1564,100,1,1,0.675,1,True,DTC
1566,100,3,1,0.3157894736842105,3,True,DTC
1567,100,3,1,1.0,3,True,DTC
1569,100,0,1,0.9240506329113924,0,True,DTC
1579,100,0,1,0.8260869565217391,0,True,DTC
1581,100,0,1,0.9240506329113924,0,True,DTC
1583,100,3,1,1.0,3,True,DTC
1586,100,0,1,0.9240506329113924,0,True,DTC
1588,100,3,1,0.675,3,True,DTC
1591,100,1,0,1.0,3,False,DTC
1592,100,0,1,0.12121212121212122,0,True,DTC
1593,100,2,1,1.0,2,True,DTC
1595,100,3,0,0.05333333333333334,0,False,DTC
1604,100,2,1,0.36585365853658536,2,True,DTC
1605,100,0,1,1.0,0,True,DTC
1617,100,0,1,0.7352941176470589,0,True,DTC
1620,100,2,0,0.42105263157894735,1,False,DTC
1623,100,0,1,0.675,0,True,DTC
1626,100,3,1,1.0,3,True,DTC
1628,100,3,1,0.203125,3,True,DTC
1629,100,1,0,0.675,2,False,DTC
1635,100,1,1,0.7368421052631579,1,True,DTC
1637,100,3,1,0.675,3,True,DTC
1640,100,2,1,1.0,2,True,DTC
1642,100,0,1,1.0,0,True,DTC
1643,100,0,1,1.0,0,True,DTC
1649,100,2,1,1.0,2,True,DTC
1664,100,0,1,0.8260869565217391,0,True,DTC
1665,100,1,0,0.675,2,False,DTC
1672,100,0,0,0.6086956521739131,2,False,DTC
1674,100,2,0,1.0,1,False,DTC
1675,100,3,1,0.7352941176470589,3,True,DTC
1676,100,0,1,0.4583333333333333,0,True,DTC
1685,100,2,0,0.9240506329113924,3,False,DTC
1690,100,0,1,1.0,0,True,DTC
1695,100,0,0,0.8,2,False,DTC
1696,100,1,1,0.9240506329113924,1,True,DTC
1700,100,3,1,0.9240506329113924,3,True,DTC
1702,100,3,0,0.4411764705882353,1,False,DTC
1704,100,1,0,0.9240506329113924,3,False,DTC
1706,100,1,0,0.1568627450980392,2,False,DTC
1707,100,3,1,0.9240506329113924,3,True,DTC
1712,100,1,1,0.9240506329113924,1,True,DTC
1714,100,3,0,0.7352941176470589,0,False,DTC
1720,100,2,1,1.0,2,True,DTC
1727,100,1,1,1.0,1,True,DTC
1730,100,2,1,0.5490196078431373,2,True,DTC
1734,100,1,1,0.5,1,True,DTC
1735,100,0,0,0.12121212121212122,1,False,DTC
1736,100,2,1,0.5490196078431373,2,True,DTC
1739,100,1,1,0.9240506329113924,1,True,DTC
1740,100,3,1,0.3157894736842105,3,True,DTC
1743,100,1,1,0.3333333333333333,1,True,DTC
1746,100,0,1,0.9240506329113924,0,True,DTC
1747,100,2,1,0.3157894736842105,2,True,DTC
1748,100,3,0,0.675,1,False,DTC
1749,100,0,1,0.9240506329113924,0,True,DTC
1750,100,3,1,0.4411764705882353,3,True,DTC
1758,100,2,0,0.9240506329113924,3,False,DTC
1759,100,1,1,1.0,1,True,DTC
1760,100,0,1,0.9240506329113924,0,True,DTC
1761,100,2,1,0.3125,2,True,DTC
1765,100,1,1,0.5,1,True,DTC
1766,100,1,0,1.0,2,False,DTC
1767,100,3,1,0.9240506329113924,3,True,DTC
1769,100,0,1,0.3333333333333333,0,True,DTC
1774,100,1,0,0.5490196078431373,0,False,DTC
1777,100,2,0,0.7368421052631579,0,False,DTC
1778,100,2,0,0.42105263157894735,1,False,DTC
1780,100,1,1,0.9240506329113924,1,True,DTC
1782,100,0,1,1.0,0,True,DTC
1786,100,3,1,0.6,3,True,DTC
1788,100,2,1,0.7352941176470589,2,True,DTC
1791,100,2,1,1.0,2,True,DTC
1792,100,2,1,0.9240506329113924,2,True,DTC
1794,100,3,1,0.4166666666666667,3,True,DTC
1797,100,1,1,0.6,1,True,DTC
1800,100,2,1,0.1891891891891892,2,True,DTC
1804,100,1,1,0.7352941176470589,1,True,DTC
1807,100,1,1,0.44776119402985076,1,True,DTC
1808,100,3,1,0.203125,3,True,DTC
1817,100,2,1,0.3157894736842105,2,True,DTC
1832,100,2,1,0.7352941176470589,2,True,DTC
1839,100,0,1,0.7352941176470589,0,True,DTC
1840,100,3,1,0.6,3,True,DTC
1845,100,2,1,1.0,2,True,DTC
1847,100,0,1,0.3157894736842105,0,True,DTC
1850,100,0,0,0.6,3,False,DTC
1852,100,0,1,0.3157894736842105,0,True,DTC
1854,100,0,0,0.4583333333333333,1,False,DTC
1857,100,2,1,0.5,2,True,DTC
1861,100,3,1,0.3157894736842105,3,True,DTC
1863,100,1,1,0.6,1,True,DTC
1864,100,1,1,1.0,1,True,DTC
1873,100,2,1,0.4166666666666667,2,True,DTC
1876,100,0,1,0.5490196078431373,0,True,DTC
1884,100,1,1,0.6,1,True,DTC
1889,100,3,1,0.3333333333333333,3,True,DTC
1896,100,2,0,0.3333333333333333,1,False,DTC
1902,100,1,0,0.4583333333333333,2,False,DTC
1904,100,1,1,1.0,1,True,DTC
1905,100,3,1,0.6,3,True,DTC
1906,100,1,1,0.203125,1,True,DTC
1913,100,0,1,1.0,0,True,DTC
1914,100,1,0,0.35,3,False,DTC
1915,100,3,0,0.109375,1,False,DTC
1921,100,3,1,1.0,3,True,DTC
1925,100,1,0,0.6307692307692307,3,False,DTC
1926,100,2,1,0.9240506329113924,2,True,DTC
1927,100,3,0,0.675,0,False,DTC
1929,100,3,1,0.8260869565217391,3,True,DTC
1931,100,1,1,0.5636363636363636,1,True,DTC
1935,100,2,1,0.9240506329113924,2,True,DTC
1945,100,1,1,1.0,1,True,DTC
1946,100,2,0,0.352112676056338,3,False,DTC
1950,100,3,1,0.4411764705882353,3,True,DTC
1951,100,2,1,0.675,2,True,DTC
1952,100,0,1,0.7352941176470589,0,True,DTC
1953,100,0,1,0.5490196078431373,0,True,DTC
1954,100,3,0,0.6307692307692307,2,False,DTC
1958,100,3,1,1.0,3,True,DTC
1959,100,2,0,0.23076923076923078,0,False,DTC
1971,100,3,1,1.0,3,True,DTC
1972,100,2,1,0.6086956521739131,2,True,DTC
1973,100,2,0,0.675,1,False,DTC
1974,100,2,1,0.5490196078431373,2,True,DTC
1975,100,2,1,0.23076923076923078,2,True,DTC
1980,100,0,1,0.9240506329113924,0,True,DTC
1981,100,1,1,1.0,1,True,DTC
1984,100,0,1,0.9240506329113924,0,True,DTC
1987,100,2,1,0.6086956521739131,2,True,DTC
1988,100,3,1,1.0,3,True,DTC
1990,100,0,1,0.9240506329113924,0,True,DTC
1995,100,2,0,0.4411764705882353,0,False,DTC
1996,100,0,1,0.4411764705882353,0,True,DTC
1,25,0,0,0.6193334819373157,1,False,RF
4,25,2,0,0.6193334819373157,0,False,RF
5,25,0,1,0.6193334819373157,0,True,RF
8,25,3,1,0.3985888296785302,3,True,RF
10,25,0,0,0.5639445562355306,3,False,RF
13,25,2,0,0.6193334819373157,0,False,RF
14,25,3,1,0.6193334819373157,3,True,RF
15,25,1,0,0.6193334819373157,3,False,RF
16,25,0,0,0.6193334819373157,3,False,RF
24,25,1,0,0.6193334819373157,3,False,RF
25,25,1,1,0.6193334819373157,1,True,RF
29,25,0,0,0.3752336332487514,2,False,RF
36,25,0,0,0.6193334819373157,2,False,RF
37,25,3,0,0.5891490749755214,0,False,RF
42,25,1,0,0.5891490749755214,3,False,RF
43,25,0,1,0.6193334819373157,0,True,RF
45,25,0,0,0.5639445562355306,2,False,RF
47,25,1,1,0.5891490749755214,1,True,RF
50,25,2,0,0.6193334819373157,0,False,RF
52,25,3,1,0.5944426330065532,3,True,RF
54,25,0,1,0.6193334819373157,0,True,RF
59,25,1,1,0.6193334819373157,1,True,RF
61,25,0,1,0.6193334819373157,0,True,RF
62,25,1,1,0.6193334819373157,1,True,RF
72,25,2,1,0.6193334819373157,2,True,RF
73,25,0,1,0.6193334819373157,0,True,RF
75,25,0,0,0.6193334819373157,3,False,RF
78,25,0,1,0.5639445562355306,0,True,RF
79,25,2,0,0.6193334819373157,3,False,RF
83,25,1,1,0.6193334819373157,1,True,RF
84,25,1,1,0.6193334819373157,1,True,RF
87,25,3,0,0.500760760569962,2,False,RF
90,25,2,1,0.6193334819373157,2,True,RF
96,25,2,1,0.556149686271747,2,True,RF
98,25,1,1,0.6193334819373157,1,True,RF
110,25,0,1,0.4978746328290599,0,True,RF
113,25,0,1,0.3752336332487514,0,True,RF
118,25,2,1,0.5944426330065532,2,True,RF
128,25,1,0,0.5891490749755214,2,False,RF
133,25,1,1,0.6193334819373157,1,True,RF
134,25,3,0,0.6193334819373157,2,False,RF
135,25,3,1,0.6193334819373157,3,True,RF
140,25,2,1,0.3752336332487514,2,True,RF
142,25,0,0,0.5259652793099526,3,False,RF
145,25,0,1,0.6193334819373157,0,True,RF
147,25,1,1,0.6193334819373157,1,True,RF
149,25,1,0,0.5642582260447587,2,False,RF
153,25,2,1,0.556149686271747,2,True,RF
155,25,2,0,0.5891490749755214,3,False,RF
159,25,3,1,0.6193334819373157,3,True,RF
167,25,0,1,0.6193334819373157,0,True,RF
171,25,3,1,0.34504922628695694,3,True,RF
176,25,3,0,0.5891490749755214,2,False,RF
178,25,1,1,0.6193334819373157,1,True,RF
186,25,3,1,0.6193334819373157,3,True,RF
189,25,3,0,0.5891490749755214,1,False,RF
194,25,0,1,0.5892436356769968,0,True,RF
195,25,3,1,0.5418536277106091,3,True,RF
196,25,2,0,0.5259652793099526,1,False,RF
197,25,2,0,0.5639445562355306,0,False,RF
200,25,0,0,0.6193334819373157,1,False,RF
203,25,0,0,0.6193334819373157,3,False,RF
204,25,1,1,0.6193334819373157,1,True,RF
205,25,1,0,0.5891490749755214,0,False,RF
212,25,1,0,0.5639445562355306,3,False,RF
214,25,1,1,0.6193334819373157,1,True,RF
215,25,3,1,0.6193334819373157,3,True,RF
218,25,0,0,0.5639445562355306,1,False,RF
221,25,2,1,0.6193334819373157,2,True,RF
224,25,2,0,0.5259652793099526,3,False,RF
226,25,1,1,0.6193334819373157,1,True,RF
228,25,2,1,0.6193334819373157,2,True,RF
229,25,1,1,0.556149686271747,1,True,RF
237,25,0,0,0.5891490749755214,3,False,RF
239,25,0,1,0.6193334819373157,0,True,RF
241,25,1,1,0.6193334819373157,1,True,RF
244,25,3,1,0.5891490749755214,3,True,RF
245,25,0,1,0.6193334819373157,0,True,RF
247,25,3,1,0.5891490749755214,3,True,RF
260,25,3,1,0.6193334819373157,3,True,RF
261,25,3,1,0.6193334819373157,3,True,RF
263,25,2,1,0.6193334819373157,2,True,RF
264,25,2,0,0.6193334819373157,1,False,RF
275,25,1,1,0.6193334819373157,1,True,RF
276,25,0,1,0.5642582260447587,0,True,RF
277,25,1,1,0.6193334819373157,1,True,RF
279,25,1,1,0.6193334819373157,1,True,RF
284,25,1,0,0.6193334819373157,2,False,RF
289,25,1,1,0.6193334819373157,1,True,RF
290,25,1,0,0.6193334819373157,0,False,RF
291,25,0,0,0.5259652793099526,1,False,RF
293,25,1,1,0.5891490749755214,1,True,RF
295,25,0,1,0.6193334819373157,0,True,RF
299,25,1,1,0.6193334819373157,1,True,RF
301,25,1,0,0.6193334819373157,2,False,RF
302,25,0,1,0.5944426330065532,0,True,RF
306,25,0,0,0.6193334819373157,2,False,RF
310,25,1,1,0.6193334819373157,1,True,RF
311,25,3,1,0.6193334819373157,3,True,RF
325,25,3,0,0.5944426330065532,2,False,RF
327,25,0,1,0.6193334819373157,0,True,RF
332,25,3,0,0.5639445562355306,2,False,RF
333,25,2,1,0.3752336332487514,2,True,RF
334,25,0,1,0.6193334819373157,0,True,RF
335,25,2,1,0.5891490749755214,2,True,RF
336,25,3,1,0.6193334819373157,3,True,RF
338,25,2,0,0.6193334819373157,0,False,RF
341,25,2,0,0.5184554863923744,1,False,RF
343,25,0,1,0.6193334819373157,0,True,RF
345,25,0,1,0.6193334819373157,0,True,RF
352,25,0,0,0.6193334819373157,2,False,RF
354,25,2,1,0.6193334819373157,2,True,RF
355,25,0,1,0.3985888296785302,0,True,RF
357,25,3,0,0.5639445562355306,2,False,RF
358,25,0,0,0.6193334819373157,1,False,RF
360,25,0,0,0.500760760569962,3,False,RF
366,25,0,1,0.6193334819373157,0,True,RF
371,25,2,1,0.5891490749755214,2,True,RF
372,25,2,0,0.6193334819373157,3,False,RF
373,25,0,0,0.6193334819373157,1,False,RF
376,25,3,0,0.6193334819373157,2,False,RF
382,25,2,0,0.5891490749755214,1,False,RF
384,25,3,1,0.5639445562355306,3,True,RF
386,25,0,1,0.5891490749755214,0,True,RF
388,25,1,0,0.6193334819373157,0,False,RF
389,25,1,1,0.4502960367862531,1,True,RF
391,25,2,1,0.6193334819373157,2,True,RF
396,25,2,1,0.6193334819373157,2,True,RF
397,25,1,1,0.6193334819373157,1,True,RF
398,25,1,0,0.3752336332487514,3,False,RF
402,25,1,1,0.6193334819373157,1,True,RF
403,25,0,0,0.556149686271747,1,False,RF
406,25,1,1,0.6193334819373157,1,True,RF
410,25,0,1,0.6193334819373157,0,True,RF
411,25,0,0,0.6193334819373157,3,False,RF
425,25,3,1,0.4502960367862531,3,True,RF
428,25,0,1,0.6193334819373157,0,True,RF
432,25,3,1,0.6193334819373157,3,True,RF
433,25,1,1,0.556149686271747,1,True,RF
434,25,1,0,0.5891490749755214,0,False,RF
438,25,2,1,0.6193334819373157,2,True,RF
444,25,0,1,0.6193334819373157,0,True,RF
445,25,3,0,0.5259652793099526,1,False,RF
458,25,1,0,0.6193334819373157,3,False,RF
464,25,3,1,0.6193334819373157,3,True,RF
467,25,3,1,0.6193334819373157,3,True,RF
468,25,0,0,0.6193334819373157,2,False,RF
471,25,1,1,0.3968209614074366,1,True,RF
478,25,0,0,0.6193334819373157,2,False,RF
488,25,2,1,0.6193334819373157,2,True,RF
510,50,1,0,0.6193334819373157,3,False,RF
515,50,2,1,0.6193334819373157,2,True,RF
517,50,1,0,0.6193334819373157,2,False,RF
518,50,2,1,0.6193334819373157,2,True,RF
521,50,1,1,0.5891490749755214,1,True,RF
525,50,2,1,0.6193334819373157,2,True,RF
526,50,0,1,0.6193334819373157,0,True,RF
529,50,3,1,0.6193334819373157,3,True,RF
530,50,1,1,0.5639445562355306,1,True,RF
531,50,3,1,0.6193334819373157,3,True,RF
535,50,0,0,0.5891490749755214,3,False,RF
537,50,1,0,0.6193334819373157,2,False,RF
539,50,2,0,0.6193334819373157,3,False,RF
542,50,0,1,0.3752336332487514,0,True,RF
546,50,2,1,0.5891490749755214,2,True,RF
551,50,3,0,0.5891490749755214,0,False,RF
564,50,1,0,0.6193334819373157,3,False,RF
574,50,1,0,0.6193334819373157,0,False,RF
575,50,0,1,0.6193334819373157,0,True,RF
576,50,1,0,0.5891490749755214,0,False,RF
578,50,2,0,0.5259652793099526,0,False,RF
579,50,1,0,0.4932509676523837,0,False,RF
580,50,0,0,0.5259652793099526,2,False,RF
584,50,2,1,0.6193334819373157,2,True,RF
585,50,1,1,0.6193334819373157,1,True,RF
589,50,3,1,0.6193334819373157,3,True,RF
590,50,2,1,0.6193334819373157,2,True,RF
592,50,2,0,0.5486398933541689,3,False,RF
593,50,0,1,0.6193334819373157,0,True,RF
594,50,0,0,0.5639445562355306,1,False,RF
598,50,0,0,0.6193334819373157,3,False,RF
602,50,0,0,0.5891490749755214,3,False,RF
603,50,1,1,0.6193334819373157,1,True,RF
604,50,1,0,0.5891490749755214,2,False,RF
606,50,0,0,0.5891490749755214,1,False,RF
614,50,3,1,0.6193334819373157,3,True,RF
617,50,0,1,0.6193334819373157,0,True,RF
619,50,0,0,0.5891490749755214,1,False,RF
624,50,2,1,0.6193334819373157,2,True,RF
627,50,3,1,0.6193334819373157,3,True,RF
628,50,3,0,0.5891490749755214,2,False,RF
634,50,3,0,0.6193334819373157,2,False,RF
636,50,0,0,0.5944426330065532,3,False,RF
637,50,1,1,0.6193334819373157,1,True,RF
639,50,1,1,0.5891490749755214,1,True,RF
645,50,1,1,0.5639445562355306,1,True,RF
649,50,2,0,0.5639445562355306,1,False,RF
653,50,0,0,0.5639445562355306,3,False,RF
657,50,0,1,0.5639445562355306,0,True,RF
661,50,1,0,0.3752336332487514,2,False,RF
664,50,3,1,0.6193334819373157,3,True,RF
670,50,1,1,0.6193334819373157,1,True,RF
676,50,3,1,0.6193334819373157,3,True,RF
677,50,1,1,0.6193334819373157,1,True,RF
680,50,1,1,0.6193334819373157,1,True,RF
686,50,2,0,0.5891490749755214,3,False,RF
687,50,1,1,0.3752336332487514,1,True,RF
691,50,0,0,0.5639445562355306,3,False,RF
699,50,1,1,0.6193334819373157,1,True,RF
700,50,0,1,0.6193334819373157,0,True,RF
703,50,2,1,0.6193334819373157,2,True,RF
707,50,2,1,0.5486398933541689,2,True,RF
708,50,2,1,0.5891490749755214,2,True,RF
717,50,3,0,0.6193334819373157,2,False,RF
719,50,1,0,0.5892436356769968,0,False,RF
720,50,3,0,0.5259652793099526,1,False,RF
723,50,3,0,0.6193334819373157,1,False,RF
727,50,2,1,0.6193334819373157,2,True,RF
732,50,0,1,0.6193334819373157,0,True,RF
733,50,1,1,0.6193334819373157,1,True,RF
740,50,1,1,0.6193334819373157,1,True,RF
745,50,2,0,0.5891490749755214,3,False,RF
746,50,1,1,0.6193334819373157,1,True,RF
748,50,2,1,0.6193334819373157,2,True,RF
751,50,1,0,0.5891490749755214,3,False,RF
757,50,1,0,0.6193334819373157,2,False,RF
759,50,2,0,0.6193334819373157,0,False,RF
760,50,2,1,0.6193334819373157,2,True,RF
765,50,0,1,0.6193334819373157,0,True,RF
766,50,0,1,0.6193334819373157,0,True,RF
773,50,1,1,0.6193334819373157,1,True,RF
774,50,1,1,0.5639445562355306,1,True,RF
775,50,0,1,0.6193334819373157,0,True,RF
776,50,2,0,0.3752336332487514,3,False,RF
784,50,0,0,0.5891490749755214,2,False,RF
785,50,1,1,0.6193334819373157,1,True,RF
786,50,2,1,0.5891490749755214,2,True,RF
788,50,2,1,0.3752336332487514,2,True,RF
791,50,2,0,0.5944426330065532,3,False,RF
795,50,0,1,0.5639445562355306,0,True,RF
797,50,3,0,0.6193334819373157,2,False,RF
799,50,1,0,0.6193334819373157,3,False,RF
805,50,1,1,0.6193334819373157,1,True,RF
806,50,1,0,0.6193334819373157,3,False,RF
807,50,1,0,0.6193334819373157,2,False,RF
808,50,3,1,0.6193334819373157,3,True,RF
813,50,3,1,0.6193334819373157,3,True,RF
814,50,1,1,0.5891490749755214,1,True,RF
822,50,0,0,0.5639445562355306,2,False,RF
823,50,1,1,0.6193334819373157,1,True,RF
824,50,1,0,0.4346908371634912,3,False,RF
825,50,3,1,0.6193334819373157,3,True,RF
831,50,0,1,0.6193334819373157,0,True,RF
832,50,1,1,0.6193334819373157,1,True,RF
837,50,2,0,0.6193334819373157,1,False,RF
838,50,3,0,0.556149686271747,2,False,RF
839,50,0,1,0.6193334819373157,0,True,RF
844,50,2,1,0.6193334819373157,2,True,RF
846,50,2,0,0.556149686271747,3,False,RF
851,50,0,1,0.556149686271747,0,True,RF
853,50,3,0,0.5891490749755214,2,False,RF
854,50,0,1,0.6193334819373157,0,True,RF
857,50,0,1,0.5891490749755214,0,True,RF
858,50,0,1,0.5390537073047682,0,True,RF
860,50,3,1,0.6193334819373157,3,True,RF
867,50,2,1,0.5892436356769968,2,True,RF
870,50,2,0,0.6193334819373157,1,False,RF
873,50,2,0,0.6193334819373157,0,False,RF
876,50,3,0,0.5891490749755214,1,False,RF
883,50,0,1,0.6193334819373157,0,True,RF
884,50,0,1,0.3752336332487514,0,True,RF
885,50,3,0,0.5891490749755214,0,False,RF
887,50,1,1,0.6193334819373157,1,True,RF
889,50,2,1,0.5892436356769968,2,True,RF
893,50,1,0,0.6193334819373157,3,False,RF
896,50,1,1,0.6193334819373157,1,True,RF
903,50,1,1,0.6193334819373157,1,True,RF
907,50,2,1,0.6193334819373157,2,True,RF
913,50,2,0,0.5891490749755214,0,False,RF
916,50,1,0,0.5590592287152023,0,False,RF
921,50,2,0,0.5639445562355306,3,False,RF
927,50,0,1,0.6193334819373157,0,True,RF
933,50,2,0,0.6193334819373157,3,False,RF
934,50,2,1,0.6193334819373157,2,True,RF
937,50,2,1,0.6193334819373157,2,True,RF
942,50,2,0,0.5639445562355306,3,False,RF
948,50,0,0,0.6193334819373157,1,False,RF
952,50,1,0,0.5639445562355306,3,False,RF
955,50,0,0,0.5892436356769968,2,False,RF
956,50,0,1,0.6193334819373157,0,True,RF
967,50,3,1,0.5891490749755214,3,True,RF
968,50,0,0,0.6193334819373157,1,False,RF
969,50,2,0,0.6193334819373157,3,False,RF
973,50,1,1,0.6193334819373157,1,True,RF
975,50,0,1,0.6193334819373157,0,True,RF
978,50,2,1,0.3752336332487514,2,True,RF
983,50,1,0,0.5891490749755214,2,False,RF
986,50,0,0,0.5639445562355306,1,False,RF
987,50,0,1,0.6193334819373157,0,True,RF
993,50,2,1,0.5891490749755214,2,True,RF
1003,75,2,0,0.3752336332487514,1,False,RF
1010,75,2,1,0.6193334819373157,2,True,RF
1019,75,0,1,0.42700536836923103,0,True,RF
1028,75,0,1,0.6193334819373157,0,True,RF
1034,75,0,1,0.6193334819373157,0,True,RF
1035,75,3,1,0.6193334819373157,3,True,RF
1037,75,3,1,0.5944426330065532,3,True,RF
1038,75,3,1,0.5639445562355306,3,True,RF
1039,75,0,1,0.6193334819373157,0,True,RF
1040,75,1,1,0.42700536836923103,1,True,RF
1042,75,3,1,0.5891490749755214,3,True,RF
1043,75,2,1,0.6193334819373157,2,True,RF
1049,75,1,1,0.5639445562355306,1,True,RF
1056,75,2,1,0.6193334819373157,2,True,RF
1057,75,0,1,0.6193334819373157,0,True,RF
1059,75,2,0,0.5891490749755214,1,False,RF
1065,75,2,0,0.6193334819373157,1,False,RF
1066,75,1,0,0.6193334819373157,3,False,RF
1068,75,0,0,0.6193334819373157,2,False,RF
1072,75,3,0,0.6193334819373157,1,False,RF
1073,75,3,1,0.6193334819373157,3,True,RF
1080,75,3,1,0.6193334819373157,3,True,RF
1085,75,1,1,0.6193334819373157,1,True,RF
1089,75,3,1,0.5891490749755214,3,True,RF
1093,75,2,1,0.6193334819373157,2,True,RF
1094,75,0,0,0.6193334819373157,2,False,RF
1099,75,2,1,0.5891490749755214,2,True,RF
1104,75,1,1,0.6193334819373157,1,True,RF
1109,75,2,0,0.5639445562355306,3,False,RF
1110,75,0,1,0.5891490749755214,0,True,RF
1114,75,1,0,0.556149686271747,2,False,RF
1118,75,0,1,0.6193334819373157,0,True,RF
1122,75,0,1,0.6193334819373157,0,True,RF
1126,75,0,1,0.6193334819373157,0,True,RF
1130,75,0,1,0.6193334819373157,0,True,RF
1132,75,1,1,0.6193334819373157,1,True,RF
1133,75,3,1,0.6193334819373157,3,True,RF
1139,75,1,0,0.5944426330065532,3,False,RF
1140,75,0,1,0.6193334819373157,0,True,RF
1144,75,2,0,0.5891490749755214,3,False,RF
1147,75,3,0,0.5891490749755214,0,False,RF
1148,75,3,0,0.5639445562355306,0,False,RF
1149,75,2,1,0.6193334819373157,2,True,RF
1150,75,3,0,0.5892436356769968,1,False,RF
1153,75,2,1,0.6193334819373157,2,True,RF
1154,75,2,0,0.5642582260447587,3,False,RF
1159,75,2,0,0.6193334819373157,3,False,RF
1161,75,0,0,0.6193334819373157,2,False,RF
1162,75,0,1,0.6193334819373157,0,True,RF
1164,75,1,1,0.3752336332487514,1,True,RF
1166,75,2,1,0.6193334819373157,2,True,RF
1177,75,0,0,0.556149686271747,1,False,RF
1185,75,3,0,0.6193334819373157,1,False,RF
1186,75,3,1,0.6193334819373157,3,True,RF
1187,75,2,0,0.394907111084468,3,False,RF
1188,75,3,0,0.5891490749755214,1,False,RF
1189,75,2,0,0.6193334819373157,3,False,RF
1193,75,2,0,0.5639445562355306,1,False,RF
1197,75,1,1,0.6193334819373157,1,True,RF
1201,75,0,1,0.6193334819373157,0,True,RF
1207,75,2,0,0.5891490749755214,0,False,RF
1208,75,3,1,0.6193334819373157,3,True,RF
1212,75,2,1,0.6193334819373157,2,True,RF
1216,75,0,1,0.6193334819373157,0,True,RF
1217,75,0,0,0.6193334819373157,2,False,RF
1219,75,0,1,0.6193334819373157,0,True,RF
1220,75,0,0,0.5892436356769968,2,False,RF
1229,75,0,0,0.6193334819373157,2,False,RF
1232,75,2,1,0.6193334819373157,2,True,RF
1233,75,1,0,0.5259652793099526,0,False,RF
1234,75,3,0,0.5259652793099526,0,False,RF
1238,75,2,1,0.6193334819373157,2,True,RF
1239,75,2,0,0.5944426330065532,0,False,RF
1242,75,3,1,0.5891490749755214,3,True,RF
1246,75,3,1,0.5639445562355306,3,True,RF
1247,75,1,1,0.6193334819373157,1,True,RF
1252,75,1,1,0.5891490749755214,1,True,RF
1272,75,1,0,0.5891490749755214,3,False,RF
1277,75,3,0,0.5259652793099526,2,False,RF
1280,75,2,1,0.6193334819373157,2,True,RF
1290,75,0,1,0.6193334819373157,0,True,RF
1294,75,2,1,0.5891490749755214,2,True,RF
1296,75,3,1,0.6193334819373157,3,True,RF
1297,75,0,0,0.3752336332487514,2,False,RF
1299,75,2,0,0.5639445562355306,1,False,RF
1300,75,3,1,0.6193334819373157,3,True,RF
1302,75,1,0,0.3752336332487514,2,False,RF
1303,75,0,1,0.6193334819373157,0,True,RF
1307,75,1,1,0.6193334819373157,1,True,RF
1311,75,2,1,0.5891490749755214,2,True,RF
1315,75,3,1,0.6193334819373157,3,True,RF
1319,75,3,1,0.3752336332487514,3,True,RF
1321,75,1,1,0.6193334819373157,1,True,RF
1323,75,2,0,0.5891490749755214,3,False,RF
1325,75,3,1,0.6193334819373157,3,True,RF
1326,75,1,1,0.6193334819373157,1,True,RF
1327,75,3,1,0.6193334819373157,3,True,RF
1329,75,1,1,0.5639445562355306,1,True,RF
1330,75,3,1,0.6193334819373157,3,True,RF
1331,75,1,1,0.6193334819373157,1,True,RF
1334,75,0,1,0.6193334819373157,0,True,RF
1335,75,3,1,0.6193334819373157,3,True,RF
1339,75,1,0,0.6193334819373157,2,False,RF
1342,75,0,1,0.6193334819373157,0,True,RF
1344,75,2,1,0.5944426330065532,2,True,RF
1349,75,0,0,0.6193334819373157,2,False,RF
1353,75,2,1,0.6193334819373157,2,True,RF
1357,75,0,0,0.6193334819373157,2,False,RF
1358,75,2,1,0.6193334819373157,2,True,RF
1361,75,1,0,0.5891490749755214,0,False,RF
1366,75,3,1,0.6193334819373157,3,True,RF
1368,75,1,0,0.5891490749755214,0,False,RF
1373,75,3,1,0.6193334819373157,3,True,RF
1374,75,0,1,0.6193334819373157,0,True,RF
1377,75,0,1,0.6193334819373157,0,True,RF
1382,75,1,0,0.5639445562355306,2,False,RF
1384,75,1,0,0.3752336332487514,2,False,RF
1387,75,2,0,0.6193334819373157,1,False,RF
1393,75,2,0,0.6193334819373157,1,False,RF
1394,75,1,1,0.6193334819373157,1,True,RF
1405,75,0,1,0.6193334819373157,0,True,RF
1409,75,3,0,0.6193334819373157,2,False,RF
1413,75,1,0,0.5891490749755214,0,False,RF
1415,75,1,0,0.5639445562355306,3,False,RF
1421,75,0,1,0.6193334819373157,0,True,RF
1422,75,1,1,0.5642582260447587,1,True,RF
1427,75,1,0,0.5891490749755214,0,False,RF
1428,75,2,0,0.5891490749755214,1,False,RF
1429,75,3,0,0.5642582260447587,0,False,RF
1430,75,1,1,0.6193334819373157,1,True,RF
1434,75,1,0,0.6193334819373157,3,False,RF
1436,75,1,0,0.5639445562355306,3,False,RF
1437,75,1,1,0.6193334819373157,1,True,RF
1438,75,0,1,0.6193334819373157,0,True,RF
1441,75,0,1,0.6193334819373157,0,True,RF
1443,75,2,1,0.5891490749755214,2,True,RF
1446,75,0,0,0.5891490749755214,3,False,RF
1456,75,3,1,0.6193334819373157,3,True,RF
1461,75,1,0,0.5891490749755214,3,False,RF
1462,75,1,1,0.6193334819373157,1,True,RF
1471,75,0,1,0.6193334819373157,0,True,RF
1481,75,1,1,0.6193334819373157,1,True,RF
1482,75,1,0,0.6193334819373157,2,False,RF
1488,75,1,1,0.6193334819373157,1,True,RF
1489,75,0,1,0.6193334819373157,0,True,RF
1491,75,2,1,0.6193334819373157,2,True,RF
1492,75,0,0,0.5891490749755214,3,False,RF
1493,75,2,0,0.3752336332487514,0,False,RF
1494,75,3,1,0.6193334819373157,3,True,RF
1505,100,0,0,0.6193334819373157,1,False,RF
1512,100,2,1,0.5891490749755214,2,True,RF
1513,100,3,1,0.6193334819373157,3,True,RF
1514,100,0,1,0.5639445562355306,0,True,RF
1515,100,0,1,0.6193334819373157,0,True,RF
1517,100,3,1,0.6193334819373157,3,True,RF
1532,100,0,1,0.6193334819373157,0,True,RF
1533,100,2,1,0.6193334819373157,2,True,RF
1534,100,2,1,0.42700536836923103,2,True,RF
1540,100,0,0,0.5944426330065532,2,False,RF
1542,100,2,1,0.5892436356769968,2,True,RF
1544,100,1,1,0.34514378698843234,1,True,RF
1550,100,1,0,0.5891490749755214,3,False,RF
1557,100,3,1,0.420206190525934,3,True,RF
1558,100,0,1,0.6193334819373157,0,True,RF
1562,100,1,0,0.5891490749755214,2,False,RF
1564,100,1,1,0.6193334819373157,1,True,RF
1566,100,3,1,0.5891490749755214,3,True,RF
1567,100,1,0,0.6193334819373157,3,False,RF
1569,100,0,1,0.6193334819373157,0,True,RF
1579,100,0,1,0.6193334819373157,0,True,RF
1581,100,0,1,0.6193334819373157,0,True,RF
1583,100,1,0,0.6193334819373157,3,False,RF
1586,100,0,1,0.6193334819373157,0,True,RF
1588,100,0,0,0.6193334819373157,3,False,RF
1591,100,1,0,0.5639445562355306,3,False,RF
1592,100,0,1,0.6193334819373157,0,True,RF
1593,100,2,1,0.6193334819373157,2,True,RF
1595,100,2,0,0.556149686271747,0,False,RF
1604,100,3,0,0.5259652793099526,2,False,RF
1605,100,0,1,0.6193334819373157,0,True,RF
1617,100,0,1,0.5944426330065532,0,True,RF
1620,100,1,1,0.5891490749755214,1,True,RF
1623,100,0,1,0.6193334819373157,0,True,RF
1626,100,3,1,0.6193334819373157,3,True,RF
1628,100,3,1,0.42700536836923103,3,True,RF
1629,100,2,1,0.5891490749755214,2,True,RF
1635,100,2,0,0.5891490749755214,1,False,RF
1637,100,3,1,0.6193334819373157,3,True,RF
1640,100,0,0,0.6193334819373157,2,False,RF
1642,100,0,1,0.6193334819373157,0,True,RF
1643,100,0,1,0.6193334819373157,0,True,RF
1649,100,2,1,0.6193334819373157,2,True,RF
1664,100,0,1,0.6193334819373157,0,True,RF
1665,100,2,1,0.6193334819373157,2,True,RF
1672,100,2,1,0.6193334819373157,2,True,RF
1674,100,0,0,0.5891490749755214,1,False,RF
1675,100,3,1,0.6193334819373157,3,True,RF
1676,100,3,0,0.5642582260447587,0,False,RF
1685,100,2,0,0.6193334819373157,3,False,RF
1690,100,0,1,0.6193334819373157,0,True,RF
1695,100,2,1,0.6193334819373157,2,True,RF
1696,100,1,1,0.6193334819373157,1,True,RF
1700,100,0,0,0.5891490749755214,3,False,RF
1702,100,2,0,0.5338547099752117,1,False,RF
1704,100,1,0,0.6193334819373157,3,False,RF
1706,100,1,0,0.5891490749755214,2,False,RF
1707,100,3,1,0.6193334819373157,3,True,RF
1712,100,1,1,0.6193334819373157,1,True,RF
1714,100,0,1,0.6193334819373157,0,True,RF
1720,100,1,0,0.6193334819373157,2,False,RF
1727,100,0,0,0.6193334819373157,1,False,RF
1730,100,2,1,0.6193334819373157,2,True,RF
1734,100,1,1,0.5891490749755214,1,True,RF
1735,100,0,0,0.6193334819373157,1,False,RF
1736,100,2,1,0.6193334819373157,2,True,RF
1739,100,1,1,0.6193334819373157,1,True,RF
1740,100,3,1,0.5891490749755214,3,True,RF
1743,100,1,1,0.5892436356769968,1,True,RF
1746,100,0,1,0.6193334819373157,0,True,RF
1747,100,2,1,0.5891490749755214,2,True,RF
1748,100,3,0,0.5639445562355306,1,False,RF
1749,100,0,1,0.6193334819373157,0,True,RF
1750,100,1,0,0.5639445562355306,3,False,RF
1758,100,2,0,0.6193334819373157,3,False,RF
1759,100,1,1,0.6193334819373157,1,True,RF
1760,100,0,1,0.6193334819373157,0,True,RF
1761,100,0,0,0.3752336332487514,2,False,RF
1765,100,1,1,0.6193334819373157,1,True,RF
1766,100,2,1,0.6193334819373157,2,True,RF
1767,100,0,0,0.6193334819373157,3,False,RF
1769,100,0,1,0.5892436356769968,0,True,RF
1774,100,1,0,0.5639445562355306,0,False,RF
1777,100,0,1,0.5892436356769968,0,True,RF
1778,100,1,1,0.5891490749755214,1,True,RF
1780,100,1,1,0.6193334819373157,1,True,RF
1782,100,0,1,0.6193334819373157,0,True,RF
1786,100,3,1,0.5639445562355306,3,True,RF
1788,100,2,1,0.6193334819373157,2,True,RF
1791,100,2,1,0.6193334819373157,2,True,RF
1792,100,2,1,0.6193334819373157,2,True,RF
1794,100,2,0,0.5891490749755214,3,False,RF
1797,100,1,1,0.6193334819373157,1,True,RF
1800,100,2,1,0.5891490749755214,2,True,RF
1804,100,1,1,0.6193334819373157,1,True,RF
1807,100,2,0,0.5259652793099526,1,False,RF
1808,100,2,0,0.6193334819373157,3,False,RF
1817,100,2,1,0.5891490749755214,2,True,RF
1832,100,2,1,0.6193334819373157,2,True,RF
1839,100,0,1,0.6193334819373157,0,True,RF
1840,100,3,1,0.6193334819373157,3,True,RF
1845,100,2,1,0.6193334819373157,2,True,RF
1847,100,0,1,0.5891490749755214,0,True,RF
1850,100,3,1,0.6193334819373157,3,True,RF
1852,100,2,0,0.6193334819373157,0,False,RF
1854,100,3,0,0.5891490749755214,1,False,RF
1857,100,1,0,0.6193334819373157,2,False,RF
1861,100,0,0,0.3871122411206844,3,False,RF
1863,100,1,1,0.6193334819373157,1,True,RF
1864,100,1,1,0.6193334819373157,1,True,RF
1873,100,3,0,0.5891490749755214,2,False,RF
1876,100,0,1,0.6193334819373157,0,True,RF
1884,100,1,1,0.6193334819373157,1,True,RF
1889,100,3,1,0.5892436356769968,3,True,RF
1896,100,1,1,0.5944426330065532,1,True,RF
1902,100,1,0,0.5643527867462341,2,False,RF
1904,100,1,1,0.6193334819373157,1,True,RF
1905,100,0,0,0.5891490749755214,3,False,RF
1906,100,3,0,0.5891490749755214,1,False,RF
1913,100,0,1,0.6193334819373157,0,True,RF
1914,100,3,1,0.5891490749755214,3,True,RF
1915,100,3,0,0.5639445562355306,1,False,RF
1921,100,0,0,0.6193334819373157,3,False,RF
1925,100,1,0,0.6193334819373157,3,False,RF
1926,100,2,1,0.6193334819373157,2,True,RF
1927,100,0,1,0.6193334819373157,0,True,RF
1929,100,3,1,0.5639445562355306,3,True,RF
1931,100,2,0,0.6193334819373157,1,False,RF
1935,100,2,1,0.6193334819373157,2,True,RF
1945,100,1,1,0.6193334819373157,1,True,RF
1946,100,3,1,0.5892436356769968,3,True,RF
1950,100,2,0,0.3752336332487514,3,False,RF
1951,100,2,1,0.6193334819373157,2,True,RF
1952,100,0,1,0.6193334819373157,0,True,RF
1953,100,0,1,0.6193334819373157,0,True,RF
1954,100,0,0,0.6193334819373157,2,False,RF
1958,100,3,1,0.6193334819373157,3,True,RF
1959,100,2,0,0.5891490749755214,0,False,RF
1971,100,3,1,0.6193334819373157,3,True,RF
1972,100,0,0,0.5338547099752117,2,False,RF
1973,100,1,1,0.6193334819373157,1,True,RF
1974,100,2,1,0.5486398933541689,2,True,RF
1975,100,2,1,0.5891490749755214,2,True,RF
1980,100,0,1,0.6193334819373157,0,True,RF
1981,100,1,1,0.6193334819373157,1,True,RF
1984,100,0,1,0.6193334819373157,0,True,RF
1987,100,3,0,0.6193334819373157,2,False,RF
1988,100,3,1,0.6193334819373157,3,True,RF
1990,100,0,1,0.6193334819373157,0,True,RF
1995,100,1,0,0.6193334819373157,0,False,RF
1996,100,1,0,0.5891490749755214,0,False,RF
