Nodes,Model,Mean PDR (%),Mean E2ED (ms),Mean ROR
25,SVM-selected OC,26.82,199.69351233308475,0.5799728610695523
25,DTC-selected OC,24.513333333333332,205.61898284607014,0.6308878010055571
25,RF-selected OC,25.84,203.061403497678,0.5980335256563449
25,Baseline OC0,25.333333333333332,208.94394738526313,0.6176172908028339
50,SVM-selected OC,75.03333333333333,263.15024436232784,0.34729539624306954
50,DTC-selected OC,66.19333333333333,266.5821331705106,0.40496176086551017
50,RF-selected OC,69.63333333333334,264.4879847073241,0.38138316698520563
50,Baseline OC0,66.20666666666666,269.6332696023562,0.40385028268804124
75,SVM-selected OC,91.25333333333333,260.71420218446815,0.3699490128254082
75,DTC-selected OC,85.92666666666666,263.6725889595779,0.39444374492050227
75,RF-selected OC,87.28666666666666,263.4522263436951,0.3869481634835231
75,Baseline OC0,83.33333333333333,266.63431996471996,0.40681080206612047
100,SVM-selected OC,93.36666666666666,242.22806143548732,0.43765098417306714
100,DTC-selected OC,89.25333333333333,243.30534807693456,0.45547339391076
100,RF-selected OC,90.11333333333333,244.002145469039,0.4509707410445721
100,Baseline OC0,84.95333333333333,247.5735698515263,0.47304008513657325
