scenario_id,scenario_seed,node_count,selected_oc,x,y,local_density,speed,topology_hash,acoustic_state_hash,route_hash,generated_packets,delivered_packets,PDR,E2ED_ms,mean_source_destination_distance_m,connected_flow_pair_ratio,mean_static_shortest_hops,mean_static_shortest_path_length_m,mean_static_feasible_relay_candidates,mean_delivered_path_length_m,mean_delivered_hop_count,mean_delivered_relay_candidate_count,mean_delivered_relay_wait_ms,ROR_total,ROR_generated,ROR_hello,ROR_reactive,hello_tx,neighbor_update_tx,raw_neighbor_update_burden,compressed_topology_updates,topology_digest_packets,mc_topology_digest_ack_packets,lc_topology_update_tx,mc_topology_update_tx,route_request_tx,route_reply_tx,mc_control_tx,gateway_control_tx,control_transmissions,data_hops,OC_data_hops,architecture_violations,controller_requests,installed_route_hits,lc_cache_hits,lc_cache_misses,oc_route_computations,oc_route_successes,oc_route_failures,oc_cache_hits,oc_cache_misses,mc_fallbacks,mc_route_computations,mc_route_successes,mc_route_failures,route_recoveries,recovery_successes,recovery_failures,link_invalidations,control_unreachable,no_physical_path,routing_failure_with_path,final_no_path_drops,failed_route_attempts,negative_cache_hits,pending_route_suppressions,route_discovery_buffered_retries,route_discovery_timeout_drops
4,12000033,25,0,277.222229032,425,8,1.75152279087,59dbe5815e751a2b,8d15af1f9d36efa1,3e7d1acd95f9a91d,200,113,56.500000,325.309735,237.879139,0.600000,2.900000,375.486901,1.282143,388.277017,5.008850,1.234982,0.000000,0.177326,0.378882,0.000000,0.147590,0,176,176,24.000000,12,12,0,0,37,37,24,0,122.000000,566,0,0,22,102,0,22,15,3,12,0,15,12,12,8,4,0,0,0,0,7,80,7,87,11,76,0,0,0
4,12000033,25,1,493.452902689,75,17,2.17458579359,59dbe5815e751a2b,8d15af1f9d36efa1,926964ec5623aad3,200,84,42.000000,278.464286,237.879139,0.600000,2.900000,375.486901,1.282143,340.379114,4.404762,1.264865,0.000000,0.327273,0.473684,0.000000,0.296578,0,176,176,24.000000,12,12,0,0,71,71,14,0,180.000000,370,0,0,58,75,0,58,13,6,7,0,13,7,7,3,4,0,0,0,0,45,80,36,116,49,67,0,0,0
4,12000033,25,2,403.604193554,175,22,1.7465140603,59dbe5815e751a2b,8d15af1f9d36efa1,1ae7f5959995227d,200,116,58.000000,291.137931,237.879139,0.600000,2.900000,375.486901,1.282143,370.807475,4.775862,1.249097,0.000000,0.160606,0.346405,0.000000,0.128931,0,176,176,24.000000,12,12,0,0,37,37,8,0,106.000000,554,0,0,21,104,0,21,16,12,4,0,16,4,4,0,4,0,0,0,0,5,80,4,84,9,75,0,0,0
4,12000033,25,3,77.6346376254,325,19,2.20474095034,59dbe5815e751a2b,8d15af1f9d36efa1,3e7d1acd95f9a91d,200,116,58.000000,304.853448,237.879139,0.600000,2.900000,375.486901,1.282143,379.733129,4.887931,1.238095,0.000000,0.164948,0.358974,0.000000,0.134351,0,176,176,24.000000,12,12,0,0,38,38,12,0,112.000000,567,0,0,22,104,0,22,16,10,6,0,16,6,6,2,4,0,0,0,0,6,80,4,84,10,74,0,0,0
18,12000047,25,0,497.202649172,325,20,2.27369460899,f0e4a8c06c8aa401,8d15af1f9d36efa1,9a9c0c00c57406af,200,40,20.000000,116.775000,281.968042,0.200000,0.200000,71.575578,2.500000,71.575578,1.000000,2.500000,0.000000,0.791667,0.431818,0.000000,0.761905,0,280,280,24.000000,12,12,0,0,56,56,16,2,152.000000,40,0,0,43,36,0,43,12,4,8,0,12,8,8,0,8,0,0,0,0,31,160,0,160,39,121,0,0,0
18,12000047,25,1,46.2987660156,75,14,2.01933355506,f0e4a8c06c8aa401,8d15af1f9d36efa1,9a98b000c5713484,200,17,8.500000,145.294118,281.968042,0.200000,0.200000,71.575578,2.500000,70.100254,1.000000,2.470588,0.000000,0.928870,0.526066,0.000000,0.920930,0,280,280,24.000000,12,12,0,0,89,89,20,0,222.000000,17,0,0,79,15,0,79,10,0,10,0,10,10,10,2,8,0,0,0,0,69,160,23,183,77,106,0,0,0
18,12000047,25,2,434.922569758,175,11,2.59621734749,f0e4a8c06c8aa401,8d15af1f9d36efa1,9a9c0c00c57406af,200,40,20.000000,88.550000,281.968042,0.200000,0.200000,71.575578,2.500000,71.575578,1.000000,2.500000,0.000000,0.718310,0.337748,0.000000,0.661017,0,280,280,24.000000,12,12,0,0,31,31,16,4,102.000000,40,0,0,17,36,0,17,12,4,8,0,12,8,8,0,8,0,0,0,0,5,160,0,160,13,147,0,0,0
18,12000047,25,3,13.6961023732,425,14,1.89841797915,f0e4a8c06c8aa401,8d15af1f9d36efa1,2b2bb14f84247d4d,200,24,12.000000,135.541667,281.968042,0.200000,0.200000,71.575578,2.500000,115.854874,1.500000,3.000000,0.000000,0.878378,0.565217,0.000000,0.867647,0,280,280,24.000000,12,12,0,0,109,109,18,0,260.000000,36,0,0,99,22,0,99,10,1,9,0,10,9,9,1,8,0,0,0,0,89,160,16,176,97,79,0,0,0
30,12000059,25,0,414.844937858,425,18,1.56495991857,1300486c1017bd5d,8d15af1f9d36efa1,9a7d7f00c55a1989,200,20,10.000000,93.150000,300.808824,0.100000,0.100000,77.299684,2.000000,77.299684,1.000000,2.000000,0.000000,0.923077,0.545455,0.000000,0.915254,0,296,296,24.000000,12,12,0,0,101,101,14,0,240.000000,20,0,0,92,18,0,92,9,2,7,0,9,7,7,0,7,0,0,0,0,83,180,0,180,90,90,0,0,0
30,12000059,25,1,50.7343998235,75,14,2.5416925262,1300486c1017bd5d,8d15af1f9d36efa1,0,200,0,0.000000,NA,300.808824,0.100000,0.100000,77.299684,2.000000,NA,NA,NA,NA,1.000000,0.514563,0.000000,1.000000,0,296,296,24.000000,12,12,0,0,86,86,16,2,212.000000,0,0,0,77,0,0,77,8,0,8,0,8,8,8,0,8,0,0,0,0,69,180,20,200,77,123,0,0,0
30,12000059,25,2,265.912315896,325,10,1.92211532699,1300486c1017bd5d,8d15af1f9d36efa1,9a7d7f00c55a1989,200,20,10.000000,85.600000,300.808824,0.100000,0.100000,77.299684,2.000000,77.299684,1.000000,2.000000,0.000000,0.921260,0.539171,0.000000,0.913043,0,296,296,24.000000,12,12,0,0,96,96,18,0,234.000000,20,0,0,85,18,0,85,11,2,9,0,11,9,9,0,9,0,0,0,0,74,180,0,180,83,97,0,0,0
30,12000059,25,3,425.479891828,175,21,2.9500080456,1300486c1017bd5d,8d15af1f9d36efa1,9a7d7f00c55a1989,200,20,10.000000,102.450000,300.808824,0.100000,0.100000,77.299684,2.000000,77.299684,1.000000,2.000000,0.000000,0.833333,0.333333,0.000000,0.791667,0,296,296,24.000000,12,12,0,0,28,28,20,0,100.000000,20,0,0,17,18,0,17,11,1,10,0,11,10,10,1,9,0,0,0,0,6,180,0,180,15,165,0,0,0
40,12000069,25,0,414.904538061,425,13,2.07589910853,c6414402b882dcff,8d15af1f9d36efa1,9aa64f00c57ccd0d,200,20,10.000000,109.850000,228.703702,0.100000,0.100000,95.814995,1.000000,95.814995,1.000000,1.000000,0.000000,0.919355,0.532710,0.000000,0.910714,0,176,176,24.000000,12,12,0,0,95,95,14,0,228.000000,20,0,0,86,18,0,86,9,2,7,0,9,7,7,0,7,0,0,0,0,77,180,0,180,84,96,0,0,0
40,12000069,25,1,21.2480799471,175,20,2.84776640468,c6414402b882dcff,8d15af1f9d36efa1,9aa64f00c57ccd0d,200,14,7.000000,136.928571,228.703702,0.100000,0.100000,95.814995,1.000000,95.814995,1.000000,1.000000,0.000000,0.890625,0.363057,0.000000,0.865385,0,176,176,24.000000,12,12,0,0,35,35,20,0,114.000000,14,0,0,24,12,0,24,11,1,10,0,11,10,10,1,9,0,0,0,0,13,180,6,186,22,164,0,0,0
40,12000069,25,2,208.96835862,325,15,2.11322485314,c6414402b882dcff,8d15af1f9d36efa1,9aa64f00c57ccd0d,200,20,10.000000,112.750000,228.703702,0.100000,0.100000,95.814995,1.000000,95.814995,1.000000,1.000000,0.000000,0.811321,0.300699,0.000000,0.756098,0,176,176,24.000000,12,12,0,0,22,22,18,0,86.000000,20,0,0,11,18,0,11,11,2,9,0,11,9,9,0,9,0,0,0,0,0,180,0,180,9,171,0,0,0
40,12000069,25,3,306.191016478,75,12,2.40532422832,c6414402b882dcff,8d15af1f9d36efa1,9aa64f00c57ccd0d,200,13,6.500000,128.230769,228.703702,0.100000,0.100000,95.814995,1.000000,95.814995,1.000000,1.000000,0.000000,0.896000,0.358974,0.000000,0.871287,0,176,176,24.000000,12,12,0,0,34,34,20,0,112.000000,13,0,0,24,12,0,24,10,0,10,0,10,10,10,1,9,0,0,0,0,14,180,7,187,23,164,0,0,0
42,12000071,25,0,127.893763082,325,16,2.95574833077,25a86b49c5495509,8d15af1f9d36efa1,ff9deec04053ecb8,200,60,30.000000,206.266667,234.471558,0.300000,1.000000,256.404066,1.783333,256.404066,3.333333,1.700000,0.000000,0.310345,0.310345,0.000000,0.248120,0,272,272,24.000000,12,12,0,0,26,26,14,0,90.000000,200,0,0,13,54,0,13,13,6,7,0,13,7,7,0,7,0,0,0,0,0,140,0,140,7,133,0,0,0
42,12000071,25,1,216.252510345,75,8,1.80503501436,25a86b49c5495509,8d15af1f9d36efa1,9a76bb00c55460cf,200,20,10.000000,95.750000,234.471558,0.300000,1.000000,256.404066,1.783333,73.418881,1.000000,2.000000,0.000000,0.920000,0.534884,0.000000,0.911504,0,272,272,24.000000,12,12,0,0,98,98,10,0,230.000000,20,0,0,91,18,0,91,7,2,5,0,7,5,5,0,5,0,0,0,0,84,140,40,180,89,91,0,0,0
42,12000071,25,2,420.326810861,175,16,2.32854260873,25a86b49c5495509,8d15af1f9d36efa1,ff9deec04053ecb8,200,60,30.000000,229.766667,234.471558,0.300000,1.000000,256.404066,1.783333,256.404066,3.333333,1.700000,0.000000,0.328859,0.328859,0.000000,0.270073,0,272,272,24.000000,12,12,0,0,26,26,22,0,98.000000,200,0,0,13,54,0,13,13,2,11,0,13,11,11,4,7,0,0,0,0,0,140,0,140,7,133,0,0,0
42,12000071,25,3,225.920555253,425,16,1.75946379664,25a86b49c5495509,8d15af1f9d36efa1,ff9deec04053ecb8,200,60,30.000000,212.583333,234.471558,0.300000,1.000000,256.404066,1.783333,256.404066,3.333333,1.700000,0.000000,0.337748,0.337748,0.000000,0.280576,0,272,272,24.000000,12,12,0,0,32,32,14,0,102.000000,200,0,0,20,54,0,20,13,6,7,0,13,7,7,0,7,0,0,0,0,7,140,0,140,14,126,0,0,0
501,13000030,50,0,378.973449543,75,22,2.39443953122,3339c635531a8bfc,8d15af1f9d36efa1,9aa61d00c57c7817,200,83,41.500000,318.602410,246.089098,1.000000,4.300000,326.068980,3.234762,381.260314,5.265060,2.171625,0.000000,0.410256,0.603175,0.000000,0.390516,0,1120,1120,24.000000,12,12,0,0,135,135,10,0,304.000000,437,0,0,126,74,0,126,9,4,5,0,9,5,5,5,0,0,0,0,0,117,0,117,117,117,0,0,0,0
501,13000030,50,1,17.0914150463,325,37,2.62312583701,3339c635531a8bfc,8d15af1f9d36efa1,f75906c346f522d5,200,186,93.000000,247.688172,246.089098,1.000000,4.300000,326.068980,3.234762,307.395134,4.069892,2.645971,0.000000,0.150393,0.401198,0.000000,0.126874,0,1120,1120,24.000000,12,12,0,0,54,54,2,0,134.000000,757,0,0,34,166,0,34,20,19,1,0,20,1,1,1,0,0,0,0,0,14,0,14,14,14,0,0,0,0
501,13000030,50,2,444.581722932,175,35,2.75806881893,3339c635531a8bfc,8d15af1f9d36efa1,87694ea2f1b73a1f,200,147,73.500000,301.217687,246.089098,1.000000,4.300000,326.068980,3.234762,357.493973,4.768707,2.499287,0.000000,0.235551,0.519231,0.000000,0.215006,0,1120,1120,24.000000,12,12,0,0,89,89,14,16,216.000000,701,0,0,67,133,0,67,14,7,7,0,14,7,7,7,0,0,0,0,0,53,0,53,53,53,0,0,0,0
501,13000030,50,3,8.31252638491,425,30,2.92908639163,3339c635531a8bfc,8d15af1f9d36efa1,9aa61d00c57c7817,200,177,88.500000,247.248588,246.089098,1.000000,4.300000,326.068980,3.234762,296.957918,3.903955,2.694645,0.000000,0.176400,0.425287,0.000000,0.152147,0,1120,1120,24.000000,12,12,0,0,57,57,10,0,148.000000,691,0,0,40,160,0,40,17,12,5,0,17,5,5,5,0,0,0,0,0,23,0,23,23,23,0,0,0,0
518,13000047,50,0,463.272522845,75,28,2.86196324884,f91298cdaa69b793,8d15af1f9d36efa1,463ddd6b8a79e045,200,173,86.500000,420.913295,329.921388,0.900000,5.700000,505.659655,2.744750,536.357638,6.728324,2.485395,0.000000,0.096273,0.382716,0.000000,0.079114,0,944,944,24.000000,12,12,0,0,43,43,14,0,124.000000,1164,0,0,25,156,0,25,18,11,7,0,18,7,7,6,1,0,0,0,0,7,20,7,27,8,19,0,0,0
518,13000047,50,1,354.581002914,325,26,2.85952082565,f91298cdaa69b793,8d15af1f9d36efa1,7ea447b4974a4305,200,180,90.000000,412.738889,329.921388,0.900000,5.700000,505.659655,2.744750,529.077208,6.661111,2.517932,0.000000,0.085431,0.358974,0.000000,0.068376,0,944,944,24.000000,12,12,0,0,37,37,14,0,112.000000,1199,0,0,19,162,0,19,19,12,7,0,19,7,7,6,1,0,0,0,0,0,20,0,20,1,19,0,0,0
518,13000047,50,2,139.838678369,175,28,2.19026073955,f91298cdaa69b793,8d15af1f9d36efa1,463ddd6b8a79e045,200,180,90.000000,419.205556,329.921388,0.900000,5.700000,505.659655,2.744750,532.066166,6.705556,2.485501,0.000000,0.090430,0.375000,0.000000,0.073676,0,944,944,24.000000,12,12,0,0,43,43,10,10,120.000000,1207,0,0,19,162,0,19,19,14,5,0,19,5,5,4,1,0,0,0,0,0,20,0,20,1,19,0,0,0
518,13000047,50,3,38.6533090746,425,25,2.89415553311,f91298cdaa69b793,8d15af1f9d36efa1,7ea447b4974a4305,200,148,74.000000,448.202703,329.921388,0.900000,5.700000,505.659655,2.744750,557.352388,7.020270,2.478345,0.000000,0.144856,0.468085,0.000000,0.127624,0,944,944,24.000000,12,12,0,0,62,62,28,0,176.000000,1039,0,0,47,134,0,47,15,1,14,0,15,14,14,13,1,0,0,0,0,32,20,32,52,33,19,0,0,0
531,13000060,50,0,75.0450526335,175,36,2.75383407795,e4e25cd71935e526,8d15af1f9d36efa1,2ef4e4c0207d7655,200,97,48.500000,190.309278,223.801773,0.500000,1.500000,216.648557,1.280000,212.321038,2.948454,1.391608,0.000000,0.277778,0.354839,0.000000,0.231183,0,984,984,24.000000,12,12,0,0,35,35,16,0,110.000000,286,0,0,20,87,0,20,15,7,8,0,15,8,8,3,5,0,0,0,0,5,100,3,103,10,93,0,0,0
531,13000060,50,1,38.7158754161,425,27,2.02224719652,e4e25cd71935e526,8d15af1f9d36efa1,bc3a7d2da3933089,200,79,39.500000,222.493671,223.801773,0.500000,1.500000,216.648557,1.280000,244.698112,3.316456,1.435115,0.000000,0.435345,0.502488,0.000000,0.404545,0,984,984,24.000000,12,12,0,0,81,81,16,0,202.000000,262,0,0,67,70,0,67,14,6,8,0,14,8,8,3,5,0,0,0,0,53,100,21,121,58,63,0,0,0
531,13000060,50,2,334.09178647,75,29,1.71000806893,e4e25cd71935e526,8d15af1f9d36efa1,8fb8254f2c39e7da,200,80,40.000000,204.062500,223.801773,0.500000,1.500000,216.648557,1.280000,219.087884,3.000000,1.500000,0.000000,0.358289,0.401198,0.000000,0.314286,0,984,984,24.000000,12,12,0,0,46,46,18,0,134.000000,240,0,0,33,72,0,33,13,4,9,0,13,9,9,4,5,0,0,0,0,20,100,20,120,25,95,0,0,0
531,13000060,50,3,399.540776378,325,37,1.61367688472,e4e25cd71935e526,8d15af1f9d36efa1,bc3a7d2da3933089,200,94,47.000000,184.755319,223.801773,0.500000,1.500000,216.648557,1.280000,214.077926,2.968085,1.415771,0.000000,0.279070,0.350649,0.000000,0.231405,0,984,984,24.000000,12,12,0,0,37,37,10,0,108.000000,279,0,0,23,84,0,23,15,10,5,0,15,5,5,0,5,0,0,0,0,8,100,6,106,13,93,0,0,0
535,13000064,50,0,209.170259533,75,23,2.04183877634,afeed29b44176547,8d15af1f9d36efa1,d2a13692944ac451,200,90,45.000000,427.700000,256.827922,0.700000,5.000000,588.613694,2.860714,570.797706,7.233333,2.566820,0.000000,0.235018,0.500000,0.000000,0.212817,0,1152,1152,24.000000,12,12,0,0,80,80,16,0,200.000000,651,0,0,71,83,1,70,9,1,8,0,9,8,8,5,3,0,0,0,0,61,60,50,110,64,46,0,0,0
535,13000064,50,1,477.650085179,325,34,2.98828045973,afeed29b44176547,8d15af1f9d36efa1,4756323adde08ade,200,140,70.000000,430.942857,256.827922,0.700000,5.000000,588.613694,2.860714,575.422646,7.142857,2.742000,0.000000,0.085923,0.319728,0.000000,0.065421,0,1152,1152,24.000000,12,12,0,0,32,32,6,0,94.000000,1000,0,0,17,126,2,15,15,12,3,0,15,3,3,0,3,0,0,0,0,0,60,0,60,3,57,0,0,0
535,13000064,50,2,161.344658587,425,20,2.75526290923,afeed29b44176547,8d15af1f9d36efa1,131164aaaba89f25,200,118,59.000000,387.042373,256.827922,0.700000,5.000000,588.613694,2.860714,505.221878,6.474576,2.566754,0.000000,0.151111,0.404762,0.000000,0.127854,0,1152,1152,24.000000,12,12,0,0,49,49,14,0,136.000000,764,0,0,36,107,1,35,13,6,7,0,13,7,7,4,3,0,0,0,0,22,60,22,82,25,57,0,0,0
535,13000064,50,3,290.295204891,175,25,2.43448315648,afeed29b44176547,8d15af1f9d36efa1,a4aa284fc9057115,200,119,59.500000,428.428571,256.827922,0.700000,5.000000,588.613694,2.860714,573.114891,7.285714,2.549020,0.000000,0.137313,0.408284,0.000000,0.116208,0,1152,1152,24.000000,12,12,0,0,47,47,20,0,138.000000,867,0,0,35,108,2,33,12,2,10,0,12,10,10,7,3,0,0,0,0,21,60,21,81,24,57,0,0,0
540,13000069,50,0,216.923183047,425,21,2.09452962597,18f5a27146e43192,8d15af1f9d36efa1,b21c42b9f8735144,200,138,69.000000,209.007246,225.648625,0.900000,3.500000,262.935561,2.936508,243.041447,3.376812,2.978541,0.000000,0.310651,0.512195,0.000000,0.285276,0,1040,1040,24.000000,12,12,0,0,92,92,2,4,210.000000,466,0,0,76,124,0,76,14,13,1,0,14,1,1,1,0,0,0,0,0,62,20,42,62,62,0,0,0,0
540,13000069,50,1,384.168213258,175,26,2.98495972842,18f5a27146e43192,8d15af1f9d36efa1,b21c42b9f8735144,200,173,86.500000,233.479769,225.648625,0.900000,3.500000,262.935561,2.936508,274.045310,3.965318,2.660350,0.000000,0.153086,0.382716,0.000000,0.127226,0,1040,1040,24.000000,12,12,0,0,44,44,12,2,124.000000,686,0,0,25,156,0,25,18,12,6,0,18,6,6,5,1,0,0,0,0,7,20,7,27,8,19,0,0,0
540,13000069,50,2,113.597015244,325,43,1.6349304936,18f5a27146e43192,8d15af1f9d36efa1,b21c42b9f8735144,200,180,90.000000,238.600000,225.648625,0.900000,3.500000,262.935561,2.936508,273.034851,3.961111,2.645161,0.000000,0.139928,0.367089,0.000000,0.114286,0,1040,1040,24.000000,12,12,0,0,39,39,14,2,116.000000,713,0,0,19,162,0,19,19,12,7,0,19,7,7,6,1,0,0,0,0,0,20,0,20,1,19,0,0,0
540,13000069,50,3,308.603726849,75,17,2.10245905546,18f5a27146e43192,8d15af1f9d36efa1,b1e3884f3f719d7f,200,145,72.500000,272.393103,225.648625,0.900000,3.500000,262.935561,2.936508,288.576479,4.165517,2.552980,0.000000,0.237374,0.484536,0.000000,0.213542,0,1040,1040,24.000000,12,12,0,0,69,69,26,4,188.000000,604,0,0,51,130,0,51,16,3,13,0,16,13,13,12,1,0,0,0,0,35,20,35,55,36,19,0,0,0
1009,14000038,75,0,337.122741842,325,47,2.53107554236,1b8f3613ce5cc5f5,8d15af1f9d36efa1,9a7a3500c55765f4,200,200,100.000000,234.265000,238.704236,1.000000,3.500000,281.030315,3.740000,279.585822,3.500000,3.268571,0.000000,0.131514,0.346405,0.000000,0.104859,0,2192,2192,24.000000,12,12,0,0,40,40,2,0,106.000000,700,0,0,20,180,0,20,20,19,1,0,20,1,1,1,0,0,0,0,0,0,0,0,0,0,0,0,0,0
1009,14000038,75,1,344.47031857,75,39,2.11183223565,1b8f3613ce5cc5f5,8d15af1f9d36efa1,11ce893d9179f361,200,158,79.000000,236.715190,238.704236,1.000000,3.500000,281.030315,3.740000,273.118535,3.379747,3.247191,0.000000,0.250000,0.470899,0.000000,0.223837,0,2192,2192,24.000000,12,12,0,0,74,74,6,0,178.000000,534,0,0,58,142,0,58,16,13,3,0,16,3,3,3,0,0,0,0,0,42,0,42,42,42,0,0,0,0
1009,14000038,75,2,68.7996089623,175,65,1.53715161708,1b8f3613ce5cc5f5,8d15af1f9d36efa1,9a7a3500c55765f4,200,200,100.000000,242.010000,238.704236,1.000000,3.500000,281.030315,3.740000,280.538886,3.500000,3.322857,0.000000,0.135802,0.354839,0.000000,0.109415,0,2192,2192,24.000000,12,12,0,0,41,41,4,2,110.000000,700,0,0,20,180,0,20,20,18,2,0,20,2,2,2,0,0,0,0,0,0,0,0,0,0,0,0,0,0
1009,14000038,75,3,128.872740894,425,48,1.52933799461,1b8f3613ce5cc5f5,8d15af1f9d36efa1,9a7a3500c55765f4,200,193,96.500000,245.010363,238.704236,1.000000,3.500000,281.030315,3.740000,284.901750,3.544041,3.429825,0.000000,0.153465,0.382716,0.000000,0.127551,0,2192,2192,24.000000,12,12,0,0,45,45,10,0,124.000000,684,0,0,26,174,0,26,19,14,5,0,19,5,5,5,0,0,0,0,0,7,0,7,7,7,0,0,0,0
1014,14000043,75,0,326.966031443,75,43,1.56541880582,2b98b076d2300ba5,8d15af1f9d36efa1,e19d1f0228933a4c,200,125,62.500000,228.472000,194.267398,1.000000,2.900000,231.608436,3.448333,257.165504,3.400000,3.927059,0.000000,0.359940,0.544419,0.000000,0.334898,0,2432,2432,25.000000,13,12,0,0,106,106,2,10,239.000000,425,0,0,88,112,0,88,13,12,1,0,13,1,1,1,0,0,0,0,0,75,0,75,75,75,0,0,0,0
1014,14000043,75,1,7.01645685715,175,62,1.60311376949,2b98b076d2300ba5,8d15af1f9d36efa1,1103c050978bbcb0,200,187,93.500000,206.176471,194.267398,1.000000,2.900000,231.608436,3.448333,230.942484,3.037433,3.887324,0.000000,0.190883,0.401198,0.000000,0.162242,0,2432,2432,24.000000,12,12,0,0,51,51,8,0,134.000000,568,0,0,32,168,0,32,19,15,4,0,19,4,4,4,0,0,0,0,0,13,0,13,13,13,0,0,0,0
1014,14000043,75,2,15.6308914522,325,68,1.61103232929,2b98b076d2300ba5,8d15af1f9d36efa1,e19d1f0228933a4c,200,179,89.500000,200.547486,194.267398,1.000000,2.900000,231.608436,3.448333,221.648076,2.871508,3.764591,0.000000,0.223565,0.425287,0.000000,0.194357,0,2432,2432,24.000000,12,12,0,0,57,57,10,0,148.000000,514,0,0,39,161,0,39,18,13,5,0,18,5,5,5,0,0,0,0,0,21,0,21,21,21,0,0,0,0
1014,14000043,75,3,343.324373692,425,34,2.25426450097,2b98b076d2300ba5,8d15af1f9d36efa1,9b5a4b00c6159ac4,200,135,67.500000,190.592593,194.267398,1.000000,2.900000,231.608436,3.448333,199.393126,2.570370,3.682997,0.000000,0.393357,0.529412,0.000000,0.365631,0,2432,2432,25.000000,13,12,0,0,98,98,4,6,225.000000,347,0,0,80,120,0,80,15,13,2,0,15,2,2,2,0,0,0,0,0,65,0,65,65,65,0,0,0,0
1022,14000051,75,0,497.510506565,325,58,2.94290992156,4a2da881a2fc7705,8d15af1f9d36efa1,5639fb064e9a043,200,178,89.000000,310.623596,303.016539,1.000000,4.900000,389.137698,3.309048,382.659204,4.882022,3.337169,0.000000,0.148874,0.431818,0.000000,0.128385,0,2352,2352,24.000000,12,12,0,0,61,61,6,2,152.000000,869,0,0,41,159,0,41,19,16,3,0,19,3,3,3,0,0,0,0,0,22,0,22,22,22,0,0,0,0
1022,14000051,75,1,321.99008031,175,53,1.69786682573,4a2da881a2fc7705,8d15af1f9d36efa1,9a628b00c5436635,200,199,99.500000,310.934673,303.016539,1.000000,4.900000,389.137698,3.309048,394.165785,4.904523,3.696721,0.000000,0.097967,0.346405,0.000000,0.077505,0,2352,2352,24.000000,12,12,0,0,41,41,0,0,106.000000,976,0,0,21,179,0,21,20,20,0,0,20,0,0,0,0,0,0,0,0,1,0,1,1,1,0,0,0,0
1022,14000051,75,2,121.335368506,75,39,2.59213036164,4a2da881a2fc7705,8d15af1f9d36efa1,2c2a166db6186b45,200,134,67.000000,322.880597,303.016539,1.000000,4.900000,389.137698,3.309048,384.643322,4.970149,3.303303,0.000000,0.257525,0.535963,0.000000,0.236239,0,2352,2352,25.000000,13,12,0,0,94,94,18,0,231.000000,666,0,0,80,120,0,80,14,5,9,0,14,9,9,9,0,0,0,0,0,66,0,66,66,66,0,0,0,0
1022,14000051,75,3,106.337981478,425,44,2.22344641189,4a2da881a2fc7705,8d15af1f9d36efa1,2c2a166db6186b45,200,154,77.000000,319.129870,303.016539,1.000000,4.900000,389.137698,3.309048,383.487562,4.902597,3.290066,0.000000,0.201058,0.487179,0.000000,0.180239,0,2352,2352,24.000000,12,12,0,0,79,79,8,2,190.000000,755,0,0,62,138,0,62,16,12,4,0,16,4,4,4,0,0,0,0,0,46,0,46,46,46,0,0,0,0
1028,14000057,75,0,270.633827136,325,28,1.85084997243,3acb4ebedb1becc3,8d15af1f9d36efa1,e570858b2ac5a79f,200,193,96.500000,268.886010,271.878740,1.000000,4.400000,345.254612,4.115476,330.136066,4.430052,3.955556,0.000000,0.125767,0.380805,0.000000,0.102833,0,2592,2592,25.000000,13,12,0,0,47,47,4,0,123.000000,855,0,0,27,173,0,27,20,18,2,0,20,2,2,2,0,0,0,0,0,7,0,7,7,7,0,0,0,0
1028,14000057,75,1,329.18533904,75,41,2.26348387198,3acb4ebedb1becc3,8d15af1f9d36efa1,d9344e36d18bcdcb,200,163,81.500000,271.957055,271.878740,1.000000,4.400000,345.254612,4.115476,323.041523,4.226994,3.959361,0.000000,0.204388,0.469496,0.000000,0.178784,0,2592,2592,27.000000,15,12,0,0,71,71,8,0,177.000000,689,0,0,54,146,0,54,17,13,4,0,17,4,4,4,0,0,0,0,0,37,0,37,37,37,0,0,0,0
1028,14000057,75,2,257.405761562,425,23,1.92938587168,3acb4ebedb1becc3,8d15af1f9d36efa1,f0ea4ba0eed526d4,200,179,89.500000,273.072626,271.878740,1.000000,4.400000,345.254612,4.115476,328.415081,4.407821,3.850444,0.000000,0.157951,0.425287,0.000000,0.133919,0,2592,2592,26.000000,14,12,0,0,55,55,12,0,148.000000,789,0,0,38,162,0,38,17,11,6,0,17,6,6,6,0,0,0,0,0,21,0,21,21,21,0,0,0,0
1028,14000057,75,3,442.715496642,175,66,2.07366996973,3acb4ebedb1becc3,8d15af1f9d36efa1,ed4aa6bf0bbb06cc,200,200,100.000000,280.920000,271.878740,1.000000,4.400000,345.254612,4.115476,332.280517,4.435000,3.896280,0.000000,0.115653,0.367089,0.000000,0.093973,0,2592,2592,24.000000,12,12,0,0,40,40,12,0,116.000000,887,0,0,20,180,0,20,20,14,6,0,20,6,6,6,0,0,0,0,0,0,0,0,0,0,0,0,0,0
1029,14000058,75,0,59.8546784808,325,60,1.51772093542,16b8bf50076f3712,8d15af1f9d36efa1,9b388a00c5f91f6b,200,192,96.000000,230.833333,232.341712,1.000000,3.700000,272.812444,3.768095,270.602718,3.713542,3.366059,0.000000,0.156213,0.397590,0.000000,0.131547,0,2376,2376,24.000000,12,12,0,0,48,48,12,0,132.000000,713,0,0,28,172,0,28,20,14,6,0,20,6,6,6,0,0,0,0,0,8,0,8,8,8,0,0,0,0
1029,14000058,75,1,361.386389052,175,37,2.91873919001,16b8bf50076f3712,8d15af1f9d36efa1,2d8a465a225022be,200,193,96.500000,220.699482,232.341712,1.000000,3.700000,272.812444,3.768095,270.632147,3.699482,3.389356,0.000000,0.147971,0.382716,0.000000,0.120690,0,2376,2376,26.000000,14,12,0,0,47,47,4,0,124.000000,714,0,0,27,173,0,27,20,18,2,0,20,2,2,2,0,0,0,0,0,7,0,7,7,7,0,0,0,0
1029,14000058,75,2,332.466921845,75,28,2.60570126065,16b8bf50076f3712,8d15af1f9d36efa1,e2e687356a2130e8,200,161,80.500000,220.739130,232.341712,1.000000,3.700000,272.812444,3.768095,266.500314,3.546584,3.441331,0.000000,0.237650,0.470899,0.000000,0.210235,0,2376,2376,26.000000,14,12,0,0,73,73,6,0,178.000000,571,0,0,56,144,0,56,17,14,3,0,17,3,3,3,0,0,0,0,0,39,0,39,39,39,0,0,0,0
1029,14000058,75,3,81.4869105303,425,47,2.2618795816,16b8bf50076f3712,8d15af1f9d36efa1,ac7f96b7f437abf,200,146,73.000000,244.315068,232.341712,1.000000,3.700000,272.812444,3.768095,283.735999,3.890411,3.283451,0.000000,0.270860,0.513382,0.000000,0.246684,0,2376,2376,25.000000,13,12,0,0,86,86,14,0,211.000000,568,0,0,70,130,0,70,16,9,7,0,16,7,7,7,0,0,0,0,0,54,0,54,54,54,0,0,0,0
1500,15000029,100,0,402.565764294,425,64,1.92862843395,261384c55508c7c5,8d15af1f9d36efa1,7c8d5150431d105c,200,131,65.500000,277.900763,291.922363,1.000000,4.300000,341.870448,4.885000,345.024221,4.664122,4.733224,0.000000,0.266507,0.526066,0.000000,0.242875,0,4328,4328,26.000000,14,12,0,0,93,93,10,0,222.000000,611,0,0,81,119,0,81,12,7,5,0,12,5,5,5,0,0,0,0,0,69,0,69,69,69,0,0,0,0
1500,15000029,100,1,158.569537593,75,43,2.45056092272,261384c55508c7c5,8d15af1f9d36efa1,7c8d5150431d105c,200,155,77.500000,299.858065,291.922363,1.000000,4.300000,341.870448,4.885000,355.616169,4.612903,4.353846,0.000000,0.213421,0.492386,0.000000,0.188422,0,4328,4328,28.000000,16,12,0,0,80,80,6,2,194.000000,715,0,0,62,138,0,62,17,14,3,0,17,3,3,3,0,0,0,0,0,45,0,45,45,45,0,0,0,0
1500,15000029,100,2,15.0493965,175,90,2.01939090637,261384c55508c7c5,8d15af1f9d36efa1,cb655991230713e6,200,152,76.000000,285.907895,291.922363,1.000000,4.300000,341.870448,4.885000,337.239571,4.559211,4.513709,0.000000,0.216063,0.488491,0.000000,0.191365,0,4328,4328,27.000000,15,12,0,0,78,78,8,4,191.000000,693,0,0,62,138,0,62,14,10,4,0,14,4,4,4,0,0,0,0,0,48,0,48,48,48,0,0,0,0
1500,15000029,100,3,455.091751075,325,86,1.70214309117,261384c55508c7c5,8d15af1f9d36efa1,24908e8b3d08178b,200,161,80.500000,285.074534,291.922363,1.000000,4.300000,341.870448,4.885000,346.432043,4.608696,4.726415,0.000000,0.197838,0.477807,0.000000,0.173719,0,4328,4328,27.000000,15,12,0,0,73,73,10,0,183.000000,742,0,0,56,144,0,56,17,12,5,0,17,5,5,5,0,0,0,0,0,39,0,39,39,39,0,0,0,0
1502,15000031,100,0,338.057303075,425,54,2.0318970814,70425a7a235e6eca,8d15af1f9d36efa1,3624ccff5e03929e,200,186,93.000000,230.451613,242.848994,1.000000,3.400000,273.404557,5.051667,269.039108,3.440860,4.515625,0.000000,0.181586,0.415205,0.000000,0.151194,0,4128,4128,28.000000,16,12,0,0,53,53,8,2,142.000000,640,0,0,33,167,0,33,19,15,4,0,19,4,4,4,0,0,0,0,0,14,0,14,14,14,0,0,0,0
1502,15000031,100,1,88.0144164771,175,71,2.52073631234,70425a7a235e6eca,8d15af1f9d36efa1,5fba424fa213c2a0,200,192,96.000000,233.468750,242.848994,1.000000,3.400000,273.404557,5.051667,268.681533,3.494792,4.387481,0.000000,0.155975,0.382716,0.000000,0.129702,0,4128,4128,24.000000,12,12,0,0,48,48,4,0,124.000000,671,0,0,28,172,0,28,20,18,2,0,20,2,2,2,0,0,0,0,0,8,0,8,8,8,0,0,0,0
1502,15000031,100,2,195.301637545,75,42,2.09632669876,70425a7a235e6eca,8d15af1f9d36efa1,d2ff1be79baa8068,200,122,61.000000,228.754098,242.848994,1.000000,3.400000,273.404557,5.051667,265.866197,3.418033,4.278177,0.000000,0.365297,0.545455,0.000000,0.339144,0,4128,4128,26.000000,14,12,0,0,103,103,8,2,240.000000,417,0,0,90,110,0,90,12,8,4,0,12,4,4,4,0,0,0,0,0,78,0,78,78,78,0,0,0,0
1502,15000031,100,3,384.182070738,325,62,2.79188496609,70425a7a235e6eca,8d15af1f9d36efa1,5fba424fa213c2a0,200,200,100.000000,226.110000,242.848994,1.000000,3.400000,273.404557,5.051667,275.788576,3.500000,4.437143,0.000000,0.138991,0.361022,0.000000,0.107143,0,4128,4128,29.000000,17,12,0,0,40,40,4,0,113.000000,700,0,0,20,180,0,20,20,18,2,0,20,2,2,2,0,0,0,0,0,0,0,0,0,0,0,0,0,0
1505,15000034,100,0,461.633399867,325,83,2.14236497575,10c695397e2432e9,8d15af1f9d36efa1,92cccf8511e30408,200,194,97.000000,258.458763,267.427653,1.000000,4.100000,316.551144,4.805000,306.426333,4.170103,4.488257,0.000000,0.139362,0.395770,0.000000,0.115847,0,4312,4312,25.000000,13,12,0,0,46,46,14,0,131.000000,809,0,0,26,174,0,26,20,13,7,0,20,7,7,7,0,0,0,0,0,6,0,6,6,6,0,0,0,0
1505,15000034,100,1,197.029928766,75,59,1.74210295122,10c695397e2432e9,8d15af1f9d36efa1,92cccf8511e30408,200,152,76.000000,260.118421,267.427653,1.000000,4.100000,316.551144,4.805000,305.369946,4.046053,4.360976,0.000000,0.249084,0.504950,0.000000,0.222503,0,4312,4312,28.000000,16,12,0,0,86,86,4,16,204.000000,615,0,0,63,137,0,63,15,13,2,0,15,2,2,2,0,0,0,0,0,48,0,48,48,48,0,0,0,0
1505,15000034,100,2,490.482864288,175,80,2.69903939235,10c695397e2432e9,8d15af1f9d36efa1,9ab0a100c585ace8,200,198,99.000000,258.262626,267.427653,1.000000,4.100000,316.551144,4.805000,305.265484,4.131313,4.466993,0.000000,0.130712,0.380805,0.000000,0.103070,0,4312,4312,29.000000,17,12,0,0,42,42,10,0,123.000000,818,0,0,22,178,0,22,20,15,5,0,20,5,5,5,0,0,0,0,0,2,0,2,2,2,0,0,0,0
1505,15000034,100,3,207.502408762,425,35,2.4680720557,10c695397e2432e9,8d15af1f9d36efa1,9ab0a100c585ace8,200,146,73.000000,274.794521,267.427653,1.000000,4.100000,316.551144,4.805000,321.608370,4.376712,4.474178,0.000000,0.243787,0.507389,0.000000,0.217870,0,4312,4312,28.000000,16,12,0,0,82,82,14,0,206.000000,639,0,0,68,132,0,68,14,7,7,0,14,7,7,7,0,0,0,0,0,54,0,54,54,54,0,0,0,0
1510,15000039,100,0,37.9752126784,175,78,2.34262750339,ae8239fc35a4f554,8d15af1f9d36efa1,724537801f1876cc,200,185,92.500000,220.275676,241.597219,1.000000,3.600000,282.747344,4.296667,262.927550,3.518919,4.215054,0.000000,0.169643,0.399399,0.000000,0.140026,0,3840,3840,27.000000,15,12,0,0,51,51,4,0,133.000000,651,0,0,33,167,0,33,18,16,2,0,18,2,2,2,0,0,0,0,0,15,0,15,15,15,0,0,0,0
1510,15000039,100,1,470.246168022,75,60,1.78921382219,ae8239fc35a4f554,8d15af1f9d36efa1,72ed3403dae5c2b5,200,105,52.500000,255.952381,241.597219,1.000000,3.600000,282.747344,4.296667,253.966537,3.476190,4.219178,0.000000,0.441041,0.590164,0.000000,0.417863,0,3840,3840,26.000000,14,12,0,0,121,121,20,0,288.000000,365,0,0,108,92,0,108,13,3,10,0,13,10,10,10,0,0,0,0,0,95,0,95,95,95,0,0,0,0
1510,15000039,100,2,437.089445335,425,52,2.7897821034,ae8239fc35a4f554,8d15af1f9d36efa1,724537801f1876cc,200,162,81.000000,236.493827,241.597219,1.000000,3.600000,282.747344,4.296667,270.030866,3.530864,4.215035,0.000000,0.236315,0.469496,0.000000,0.207756,0,3840,3840,27.000000,15,12,0,0,71,71,8,2,177.000000,572,0,0,54,146,0,54,16,12,4,0,16,4,4,4,0,0,0,0,0,38,0,38,38,38,0,0,0,0
1510,15000039,100,3,89.3496068916,325,74,2.06432341008,ae8239fc35a4f554,8d15af1f9d36efa1,d9922657846eb1b5,200,197,98.500000,222.350254,241.597219,1.000000,3.600000,282.747344,4.296667,269.110494,3.578680,4.221277,0.000000,0.142336,0.369085,0.000000,0.113208,0,3840,3840,27.000000,15,12,0,0,43,43,4,0,117.000000,705,0,0,23,177,0,23,20,18,2,0,20,2,2,2,0,0,0,0,0,3,0,3,3,3,0,0,0,0
1518,15000047,100,0,360.953820678,75,47,2.28882696867,12f7dcbdff38c69b,8d15af1f9d36efa1,96940d5051dde053,200,147,73.500000,204.142857,210.911600,1.000000,3.000000,250.995345,4.970000,233.732657,3.040816,4.331096,0.000000,0.299373,0.488491,0.000000,0.268412,0,4024,4024,27.000000,15,12,0,0,79,79,6,0,191.000000,447,0,0,66,134,0,66,13,10,3,0,13,3,3,3,0,0,0,0,0,53,0,53,53,53,0,0,0,0
1518,15000047,100,1,229.190985268,325,63,1.72861518671,12f7dcbdff38c69b,8d15af1f9d36efa1,96940d5051dde053,200,200,100.000000,207.570000,210.911600,1.000000,3.000000,250.995345,4.970000,247.846191,3.230000,4.249226,0.000000,0.142098,0.348534,0.000000,0.110193,0,4024,4024,27.000000,15,12,0,0,40,40,0,0,107.000000,646,0,0,20,180,0,20,20,20,0,0,20,0,0,0,0,0,0,0,0,0,0,0,0,0,0,0,0,0
1518,15000047,100,2,133.970644181,175,69,2.58115269094,12f7dcbdff38c69b,8d15af1f9d36efa1,1bcbfe1926793633,200,189,94.500000,213.962963,210.911600,1.000000,3.000000,250.995345,4.970000,252.048129,3.222222,4.546798,0.000000,0.178138,0.397590,0.000000,0.145863,0,4024,4024,28.000000,16,12,0,0,51,51,2,0,132.000000,609,0,0,31,169,0,31,20,19,1,0,20,1,1,1,0,0,0,0,0,11,0,11,11,11,0,0,0,0
1518,15000047,100,3,422.933776621,425,48,2.81907325574,12f7dcbdff38c69b,8d15af1f9d36efa1,acf4854fcd9ca842,200,168,84.000000,211.428571,210.911600,1.000000,3.000000,250.995345,4.970000,244.452582,3.142857,4.331439,0.000000,0.234783,0.447514,0.000000,0.202417,0,4024,4024,28.000000,16,12,0,0,64,64,6,0,162.000000,528,0,0,48,152,0,48,16,13,3,0,16,3,3,3,0,0,0,0,0,32,0,32,32,32,0,0,0,0
