Nodes,Model,Mean PDR (%),Mean E2ED (ms),Mean ROR,Test scenarios
25,SVM-selected OC,26.726666666666667,199.57096537166373,0.580844382414515,75
25,DTC-selected OC,26.986666666666668,201.5610177902668,0.57558360712433,75
25,RF-selected OC,26.513333333333332,201.98365603696254,0.584726443768997,75
25,Baseline OC0,25.333333333333332,208.94394738526313,0.6176172908028339,75
50,SVM-selected OC,75.43333333333334,262.72116661431727,0.34407195195856977,75
50,DTC-selected OC,75.36666666666666,262.9086245296771,0.3466235286019137,75
50,RF-selected OC,75.14666666666666,262.933995749379,0.3469128821833929,75
50,Baseline OC0,66.20666666666666,269.6332696023562,0.40385028268804124,75
75,SVM-selected OC,92.25333333333333,260.48113885373607,0.3660479530986026,75
75,DTC-selected OC,91.77333333333333,260.0038500222287,0.3685385944829753,75
75,RF-selected OC,90.26,261.24699012711426,0.3742765780169793,75
75,Baseline OC0,83.33333333333333,266.63431996471996,0.40681080206612047,75
100,SVM-selected OC,93.78,242.2885476873534,0.4357823467699196,75
100,DTC-selected OC,94.42666666666666,241.70368542495055,0.433899257562167,75
100,RF-selected OC,94.26666666666667,242.53557284462516,0.43352763385146803,75
100,Baseline OC0,84.95333333333333,247.5735698515263,0.47304008513657325,75
