scenario_id,node_count,selected_oc,is_oc,score,true_oc,correct,model
20000,25,3,1,0.2831305400672619,3,1,SVM
20001,25,3,1,0.9866042480440989,3,1,SVM
20002,25,1,0,-1.2655163656663149,3,0,SVM
20003,25,3,1,0.16677568336005066,3,1,SVM
20004,25,3,1,-0.027061111078051425,3,1,SVM
20005,25,0,1,0.6807716993134143,0,1,SVM
20006,25,0,1,-1.2946144596038422,0,1,SVM
20007,25,2,1,-0.7454151586533619,2,1,SVM
20008,25,3,1,-0.35627064924180374,3,1,SVM
20009,25,2,1,0.8360843417763455,2,1,SVM
20010,25,2,1,0.2217289049020117,2,1,SVM
20011,25,0,0,-0.7618748518775433,1,0,SVM
20012,25,1,1,0.7581699514382159,1,1,SVM
20013,25,1,1,0.6135703307517133,1,1,SVM
20014,25,0,1,0.9536559276276471,0,1,SVM
20015,25,1,0,0.6412668297038202,3,0,SVM
20016,25,0,1,0.15801148443145152,0,1,SVM
20017,25,0,1,0.5758809297375365,0,1,SVM
20018,25,1,1,-0.8871980753364284,1,1,SVM
20019,25,0,1,0.965919243203178,0,1,SVM
20020,25,0,1,0.06946245400323292,0,1,SVM
20021,25,1,1,0.9607682648170908,1,1,SVM
20022,25,1,1,-1.3085913831787543,1,1,SVM
20023,25,3,1,0.8156211516614853,3,1,SVM
20024,25,0,1,-0.3427470793760037,0,1,SVM
20025,25,3,0,-0.6377388229692471,0,0,SVM
20026,25,3,1,-0.35499261068485666,3,1,SVM
20027,25,2,1,0.1369808962957002,2,1,SVM
20028,25,2,1,0.9266023937331553,2,1,SVM
20029,25,0,0,0.7640339424936933,1,0,SVM
20030,25,3,0,-0.6144555061448429,2,0,SVM
20031,25,2,1,-0.8231555780713755,2,1,SVM
20032,25,2,1,0.07356145065693553,2,1,SVM
20033,25,2,1,0.3539702146456243,2,1,SVM
20034,25,1,0,0.8471402333100215,3,0,SVM
20035,25,1,1,0.782739654204903,1,1,SVM
20036,25,0,1,1.012813758195957,0,1,SVM
20037,25,0,1,0.8271871484748559,0,1,SVM
20038,25,2,1,0.6452913803305371,2,1,SVM
20039,25,0,1,0.950366319769028,0,1,SVM
20040,25,1,1,-0.12012809829560922,1,1,SVM
20041,25,1,1,0.548736432343297,1,1,SVM
20042,25,2,1,0.4179170037783706,2,1,SVM
20043,25,0,1,0.928165589301301,0,1,SVM
20044,25,2,1,1.0742401469412144,2,1,SVM
20045,25,3,1,0.9457388295973885,3,1,SVM
20046,25,2,1,-0.7114446660897435,2,1,SVM
20047,25,0,1,-1.9568394353774465,0,1,SVM
20048,25,0,1,-0.7592726370806773,0,1,SVM
20049,25,0,1,-1.2039961182203918,0,1,SVM
20050,25,0,1,1.0705671468267681,0,1,SVM
20051,25,3,1,-0.1870948350870023,3,1,SVM
20052,25,2,1,0.19196398719350327,2,1,SVM
20053,25,3,1,-0.3608327900600621,3,1,SVM
20054,25,2,1,-0.551975224756216,2,1,SVM
20055,25,1,1,-0.1912123258465428,1,1,SVM
20056,25,0,1,0.2442745795028891,0,1,SVM
20057,25,3,1,0.4550269098140767,3,1,SVM
20058,25,2,1,0.34615497819993024,2,1,SVM
20059,25,3,1,0.17310983491084997,3,1,SVM
20060,25,1,1,0.2073777420165932,1,1,SVM
20061,25,1,1,0.27371378846516947,1,1,SVM
20062,25,3,1,0.9435170057581921,3,1,SVM
20063,25,3,1,0.9695474854618951,3,1,SVM
20064,25,3,1,0.473517223063439,3,1,SVM
20065,25,1,1,0.9909272859308196,1,1,SVM
20066,25,1,1,-1.4721728152984355,1,1,SVM
20067,25,0,1,0.7271763340231985,0,1,SVM
20068,25,2,1,-0.8470657828744095,2,1,SVM
20069,25,2,1,-0.5380215170824663,2,1,SVM
20070,25,0,1,0.18850872146324704,0,1,SVM
20071,25,2,1,0.7254195188428945,2,1,SVM
20072,25,0,1,0.8357759522614927,0,1,SVM
20073,25,3,1,0.9466143204008723,3,1,SVM
20074,25,3,1,0.5415117215885736,3,1,SVM
20075,25,1,1,-1.0238323245664276,1,1,SVM
20076,25,1,1,0.7183188608377513,1,1,SVM
20077,25,0,1,0.6442747184138575,0,1,SVM
20078,25,1,1,-0.3869631273638916,1,1,SVM
20079,25,2,1,0.9453624845046527,2,1,SVM
20080,25,2,1,0.9561726652491593,2,1,SVM
20081,25,3,1,0.43193980843707536,3,1,SVM
20082,25,0,1,-0.8804646929571618,0,1,SVM
20083,25,0,1,0.008729146511683439,0,1,SVM
20084,25,3,1,0.3628347225778299,3,1,SVM
20085,25,3,0,-1.1525836255491129,2,0,SVM
20086,25,3,1,1.0359702498564474,3,1,SVM
20087,25,2,1,-0.8437717978396577,2,1,SVM
20088,25,2,1,0.7507684179508054,2,1,SVM
20089,25,3,1,0.8364684060528305,3,1,SVM
20090,25,3,1,-1.6750828537477211,3,1,SVM
20091,25,3,1,1.0230478395440201,3,1,SVM
20092,25,3,1,0.9437394789136775,3,1,SVM
20093,25,1,1,-0.7764321138705021,1,1,SVM
20094,25,1,0,-0.38040708865025863,3,0,SVM
20095,25,2,1,-0.1203362492422606,2,1,SVM
20096,25,1,1,0.9271956190886357,1,1,SVM
20097,25,3,1,0.16180601917431048,3,1,SVM
20098,25,3,1,-0.5546378652635333,3,1,SVM
20099,25,1,1,0.989966354703256,1,1,SVM
20100,25,0,1,0.9977301947886623,0,1,SVM
20101,25,1,1,0.8075859315108644,1,1,SVM
20102,25,1,1,1.0326933597255312,1,1,SVM
20103,25,3,1,0.37494383504433415,3,1,SVM
20104,25,3,1,0.09185034891423882,3,1,SVM
20105,25,3,1,-0.11218897959687268,3,1,SVM
20106,25,3,0,1.0098200695006376,0,0,SVM
20107,25,0,0,-1.0305677062262895,1,0,SVM
20108,25,2,1,0.2559049000132987,2,1,SVM
20109,25,0,1,0.9801508603888678,0,1,SVM
20110,25,2,0,-0.85146991949739,0,0,SVM
20111,25,2,0,-1.403087280310384,1,0,SVM
20112,25,2,1,-1.6740337171555915,2,1,SVM
20113,25,3,1,-0.8478079339886833,3,1,SVM
20114,25,1,1,-0.5790397744241851,1,1,SVM
20115,25,2,1,-0.31688086880845034,2,1,SVM
20116,25,2,1,0.25879085612667296,2,1,SVM
20117,25,2,1,0.6537748280591202,2,1,SVM
20118,25,2,1,0.8816561565282726,2,1,SVM
20119,25,2,1,-0.35221567154347255,2,1,SVM
20120,25,3,0,-1.3796076873690488,2,0,SVM
20121,25,0,1,0.9241241915124085,0,1,SVM
20122,25,0,0,0.9976809944401559,1,0,SVM
20123,25,3,1,1.0096863864671697,3,1,SVM
20124,25,0,0,0.3159469982552636,1,0,SVM
20125,50,2,1,0.6358333897814319,2,1,SVM
20126,50,0,1,1.0899996484827916,0,1,SVM
20127,50,1,1,1.0922754302479802,1,1,SVM
20128,50,3,1,0.43712632231220994,3,1,SVM
20129,50,1,1,-0.7163218242647709,1,1,SVM
20130,50,3,1,0.4122132461661643,3,1,SVM
20131,50,0,1,0.4871297271602337,0,1,SVM
20132,50,0,1,0.794894032704164,0,1,SVM
20133,50,0,1,0.8237682655950707,0,1,SVM
20134,50,0,1,0.5625320963965592,0,1,SVM
20135,50,3,0,0.14740502675450173,2,0,SVM
20136,50,0,1,0.1266799655305313,0,1,SVM
20137,50,3,1,0.7126080904445011,3,1,SVM
20138,50,1,1,0.792905872614508,1,1,SVM
20139,50,2,1,0.24658658522328025,2,1,SVM
20140,50,0,1,1.087120525140822,0,1,SVM
20141,50,1,1,0.7568274716654138,1,1,SVM
20142,50,1,1,1.0029096775858228,1,1,SVM
20143,50,0,1,1.0606422122579922,0,1,SVM
20144,50,1,1,1.0936514207686479,1,1,SVM
20145,50,0,0,-0.7562857380137373,2,0,SVM
20146,50,3,1,0.6894151163211468,3,1,SVM
20147,50,2,1,0.7742588449451269,2,1,SVM
20148,50,2,1,0.6251442233670872,2,1,SVM
20149,50,2,1,1.1040912094977138,2,1,SVM
20150,50,2,1,-0.19771879270847492,2,1,SVM
20151,50,2,1,-0.167572101287341,2,1,SVM
20152,50,0,1,0.4774605796064577,0,1,SVM
20153,50,3,1,0.014913231970410834,3,1,SVM
20154,50,2,1,-0.09067639899615543,2,1,SVM
20155,50,0,1,0.9734722129190558,0,1,SVM
20156,50,0,1,0.9315375816777944,0,1,SVM
20157,50,3,1,1.1261886696602552,3,1,SVM
20158,50,0,1,0.7280289942735152,0,1,SVM
20159,50,2,1,-0.10280176328805268,2,1,SVM
20160,50,1,0,1.0713750119478327,3,0,SVM
20161,50,3,1,1.0504169426832703,3,1,SVM
20162,50,0,1,0.8035339377720412,0,1,SVM
20163,50,2,1,0.8913390647442085,2,1,SVM
20164,50,0,1,-1.0519137928024023,0,1,SVM
20165,50,3,1,0.4597764090852756,3,1,SVM
20166,50,2,1,1.155546668974445,2,1,SVM
20167,50,0,1,-0.15824295561602142,0,1,SVM
20168,50,3,1,-0.9042368905347686,3,1,SVM
20169,50,2,1,0.48909044107717037,2,1,SVM
20170,50,3,1,0.7475908000686253,3,1,SVM
20171,50,3,1,1.095786940564011,3,1,SVM
20172,50,1,1,1.0951267768894724,1,1,SVM
20173,50,1,1,0.5497996992944607,1,1,SVM
20174,50,1,1,0.16332776564479445,1,1,SVM
20175,50,0,1,1.0448644776500906,0,1,SVM
20176,50,2,1,0.5716026043251397,2,1,SVM
20177,50,0,1,-0.8441296318031455,0,1,SVM
20178,50,2,1,0.5475211987093402,2,1,SVM
20179,50,1,0,-0.2461836185270876,3,0,SVM
20180,50,3,0,0.04626249456114451,2,0,SVM
20181,50,3,0,0.028916120395862777,1,0,SVM
20182,50,3,1,-0.7031285384588557,3,1,SVM
20183,50,3,1,-0.7097739636644249,3,1,SVM
20184,50,1,1,0.7086837696487791,1,1,SVM
20185,50,0,1,1.053451511882919,0,1,SVM
20186,50,3,1,0.6143086234272772,3,1,SVM
20187,50,3,1,0.5228384952928131,3,1,SVM
20188,50,2,1,-0.2888611191447552,2,1,SVM
20189,50,1,1,1.0043530622300558,1,1,SVM
20190,50,0,1,0.5435533083153778,0,1,SVM
20191,50,0,1,0.36951929324887445,0,1,SVM
20192,50,0,1,-0.7397313678169226,0,1,SVM
20193,50,1,1,-1.931435778159475,1,1,SVM
20194,50,0,1,0.17669301227993017,0,1,SVM
20195,50,2,1,1.1425091068405813,2,1,SVM
20196,50,1,1,0.9983903115178201,1,1,SVM
20197,50,1,0,1.012680844137659,0,0,SVM
20198,50,1,1,0.6676862374391135,1,1,SVM
20199,50,1,1,0.8115196891931298,1,1,SVM
20200,50,1,1,1.1094161302702297,1,1,SVM
20201,50,3,1,0.05446567315665618,3,1,SVM
20202,50,3,1,0.5125377033799232,3,1,SVM
20203,50,2,1,0.858155382681165,2,1,SVM
20204,50,2,1,-0.05077895163245927,2,1,SVM
20205,50,3,0,-0.1599102832998014,1,0,SVM
20206,50,3,1,0.7988822730856171,3,1,SVM
20207,50,2,1,0.8787965180940063,2,1,SVM
20208,50,0,1,-0.015812242788580733,0,1,SVM
20209,50,1,1,0.9518041696855235,1,1,SVM
20210,50,2,1,-0.2684864486826122,2,1,SVM
20211,50,0,1,1.119595935136374,0,1,SVM
20212,50,0,1,-0.7018307277469304,0,1,SVM
20213,50,3,1,0.6075855644068362,3,1,SVM
20214,50,0,1,0.5178192236435848,0,1,SVM
20215,50,1,0,-0.4107885218674916,2,0,SVM
20216,50,0,1,-0.6501406207846436,0,1,SVM
20217,50,2,1,0.9968810845472724,2,1,SVM
20218,50,2,1,0.8735940400868927,2,1,SVM
20219,50,1,1,0.7827376468720075,1,1,SVM
20220,50,1,1,-1.369834492702548,1,1,SVM
20221,50,3,1,-0.8114251480497074,3,1,SVM
20222,50,2,1,-0.12763903148983502,2,1,SVM
20223,50,2,1,1.0832653941797332,2,1,SVM
20224,50,3,1,-1.2089733436191956,3,1,SVM
20225,50,2,0,-0.505492456003573,3,0,SVM
20226,50,0,1,0.37630031535777064,0,1,SVM
20227,50,3,1,1.068941881802914,3,1,SVM
20228,50,0,1,0.20460203249507458,0,1,SVM
20229,50,3,1,1.0086340121484838,3,1,SVM
20230,50,1,1,-1.481772620749524,1,1,SVM
20231,50,3,1,0.8416870778981433,3,1,SVM
20232,50,2,1,0.16095468563329263,2,1,SVM
20233,50,2,1,1.1237536116940419,2,1,SVM
20234,50,3,0,0.16073745188173305,0,0,SVM
20235,50,0,1,0.8883233692316068,0,1,SVM
20236,50,2,1,1.0982289761031439,2,1,SVM
20237,50,2,1,0.5350112504986875,2,1,SVM
20238,50,3,1,0.022541690484050747,3,1,SVM
20239,50,1,0,-0.7275605665108777,3,0,SVM
20240,50,0,1,1.118805644132717,0,1,SVM
20241,50,1,1,0.661284964644981,1,1,SVM
20242,50,1,0,0.9375635632381716,3,0,SVM
20243,50,3,1,-0.5199212867106766,3,1,SVM
20244,50,3,0,-0.668054844177739,1,0,SVM
20245,50,2,1,0.9409170184795101,2,1,SVM
20246,50,1,0,-1.2400881434406337,3,0,SVM
20247,50,0,1,1.0280461359340016,0,1,SVM
20248,50,1,1,0.6254873275296262,1,1,SVM
20249,50,0,1,-0.9344060479657657,0,1,SVM
20250,75,0,1,1.115893661447025,0,1,SVM
20251,75,0,1,1.0245761617810878,0,1,SVM
20252,75,3,1,0.010250571436667855,3,1,SVM
20253,75,0,1,0.560502830506806,0,1,SVM
20254,75,2,1,0.9432157306205013,2,1,SVM
20255,75,1,1,-0.04362018156051306,1,1,SVM
20256,75,1,1,0.4356333667094283,1,1,SVM
20257,75,1,1,0.7811946043490146,1,1,SVM
20258,75,3,1,1.1300732023943674,3,1,SVM
20259,75,1,1,0.951971645025413,1,1,SVM
20260,75,1,1,0.5249249850409647,1,1,SVM
20261,75,2,1,0.8045042333180419,2,1,SVM
20262,75,2,0,0.49471379688530703,3,0,SVM
20263,75,2,1,0.9907460919352609,2,1,SVM
20264,75,0,1,-0.019355594043208413,0,1,SVM
20265,75,1,1,0.7571150962632487,1,1,SVM
20266,75,0,1,0.8532707633075702,0,1,SVM
20267,75,2,1,1.0593598789676655,2,1,SVM
20268,75,2,1,0.9777259806480068,2,1,SVM
20269,75,1,1,1.192963002126497,1,1,SVM
20270,75,3,1,0.34158565790991346,3,1,SVM
20271,75,3,1,1.1726409026110751,3,1,SVM
20272,75,0,0,-0.8762830553929888,3,0,SVM
20273,75,2,0,-1.0812588261813225,1,0,SVM
20274,75,1,1,1.0489765775058828,1,1,SVM
20275,75,1,1,0.2520691153224561,1,1,SVM
20276,75,1,1,0.24142667521926953,1,1,SVM
20277,75,1,1,-0.7996614312157959,1,1,SVM
20278,75,3,1,0.0661048006587528,3,1,SVM
20279,75,1,1,1.2018969977495928,1,1,SVM
20280,75,3,1,1.1382474175979596,3,1,SVM
20281,75,0,1,-0.668082625757414,0,1,SVM
20282,75,1,1,0.6014799026772231,1,1,SVM
20283,75,1,1,-0.7370395025782273,1,1,SVM
20284,75,3,0,1.0179988731643554,2,0,SVM
20285,75,1,1,1.016187124938856,1,1,SVM
20286,75,3,1,0.713367779742903,3,1,SVM
20287,75,1,1,0.960467621871242,1,1,SVM
20288,75,2,1,1.0806398828227266,2,1,SVM
20289,75,2,0,-0.037944382745894956,1,0,SVM
20290,75,0,1,1.140082822636046,0,1,SVM
20291,75,2,1,-0.7588825658159131,2,1,SVM
20292,75,2,1,1.0837122377573358,2,1,SVM
20293,75,0,0,-0.6593684918014766,1,0,SVM
20294,75,2,1,0.18272999045567317,2,1,SVM
20295,75,2,1,-0.6955648334499109,2,1,SVM
20296,75,2,1,1.0529270307988803,2,1,SVM
20297,75,2,1,1.200194939701266,2,1,SVM
20298,75,0,0,0.27486506747883155,2,0,SVM
20299,75,0,1,0.6828979096036001,0,1,SVM
20300,75,1,1,1.0752344284981348,1,1,SVM
20301,75,2,1,-0.511657658626465,2,1,SVM
20302,75,3,1,1.2097318796112368,3,1,SVM
20303,75,2,1,-0.5790660262500253,2,1,SVM
20304,75,3,1,-0.2447093911888416,3,1,SVM
20305,75,1,1,1.1714774601805367,1,1,SVM
20306,75,1,0,0.5772297821175272,3,0,SVM
20307,75,1,1,1.1730532001363265,1,1,SVM
20308,75,3,1,0.853313181192636,3,1,SVM
20309,75,3,1,1.1559939998990494,3,1,SVM
20310,75,1,1,0.8096526518649725,1,1,SVM
20311,75,1,1,-1.4039981734507379,1,1,SVM
20312,75,3,1,1.0931349447910286,3,1,SVM
20313,75,1,0,1.1665873826429056,2,0,SVM
20314,75,0,1,0.5835210801563697,0,1,SVM
20315,75,2,1,1.1597858511630612,2,1,SVM
20316,75,1,1,1.184549819616091,1,1,SVM
20317,75,3,1,0.18027644723281,3,1,SVM
20318,75,1,1,1.0795355290936541,1,1,SVM
20319,75,0,1,0.17603767995004205,0,1,SVM
20320,75,0,0,0.2138623656270937,1,0,SVM
20321,75,3,0,-1.2015903636737022,1,0,SVM
20322,75,2,1,0.9205055689854689,2,1,SVM
20323,75,1,0,-1.0077065818387183,3,0,SVM
20324,75,0,1,1.024403378911682,0,1,SVM
20325,75,0,1,0.05362975360086608,0,1,SVM
20326,75,1,1,0.5250071717483245,1,1,SVM
20327,75,1,0,-0.5507008750166484,2,0,SVM
20328,75,1,0,1.149550252562701,0,0,SVM
20329,75,3,1,0.5105248208125133,3,1,SVM
20330,75,2,1,0.20639785986564618,2,1,SVM
20331,75,1,1,-0.6273509672001119,1,1,SVM
20332,75,2,1,1.1677485085190646,2,1,SVM
20333,75,0,1,1.2006645941923821,0,1,SVM
20334,75,2,1,0.5446847035231102,2,1,SVM
20335,75,2,1,0.8999534728240413,2,1,SVM
20336,75,3,1,0.673620785916814,3,1,SVM
20337,75,0,1,0.8630851833276161,0,1,SVM
20338,75,2,1,-0.23196142287155652,2,1,SVM
20339,75,2,1,0.029065912647002534,2,1,SVM
20340,75,1,1,0.9588969399876568,1,1,SVM
20341,75,3,1,0.42309991181766904,3,1,SVM
20342,75,0,0,0.21098826060803688,3,0,SVM
20343,75,2,1,0.8960415229471259,2,1,SVM
20344,75,3,1,-1.201679699475605,3,1,SVM
20345,75,0,1,1.160236820066654,0,1,SVM
20346,75,0,1,-0.8850090048999419,0,1,SVM
20347,75,3,1,0.7537553372317589,3,1,SVM
20348,75,0,1,0.9187987111149454,0,1,SVM
20349,75,2,1,1.1376475895440095,2,1,SVM
20350,75,2,0,1.1498889733285402,0,0,SVM
20351,75,2,1,1.0224258039987433,2,1,SVM
20352,75,1,1,1.1093882151088543,1,1,SVM
20353,75,1,0,0.019074033949436853,3,0,SVM
20354,75,2,0,-0.5704183813135444,1,0,SVM
20355,75,3,1,1.1316590363911985,3,1,SVM
20356,75,1,1,1.0325752502128083,1,1,SVM
20357,75,2,1,0.30513708982858034,2,1,SVM
20358,75,2,1,-1.0164304697098991,2,1,SVM
20359,75,1,1,1.080629583409742,1,1,SVM
20360,75,3,1,-1.0276183835605899,3,1,SVM
20361,75,0,1,1.1847380205000384,0,1,SVM
20362,75,1,0,-0.6246112205053436,3,0,SVM
20363,75,2,1,0.7985624046853417,2,1,SVM
20364,75,0,1,0.1133561400422991,0,1,SVM
20365,75,2,1,1.129220787144078,2,1,SVM
20366,75,1,1,1.1883352538096403,1,1,SVM
20367,75,0,0,0.03631981315840349,2,0,SVM
20368,75,0,1,1.1421657039533422,0,1,SVM
20369,75,2,1,0.6325512513660954,2,1,SVM
20370,75,0,1,1.046351771719106,0,1,SVM
20371,75,3,1,0.5449401937527405,3,1,SVM
20372,75,1,1,0.513282972281857,1,1,SVM
20373,75,0,1,1.1446545457727915,0,1,SVM
20374,75,3,1,0.5599244320654435,3,1,SVM
20375,100,0,1,-0.06109636662912621,0,1,SVM
20376,100,1,1,0.7979007487760192,1,1,SVM
20377,100,3,1,1.0230365758513464,3,1,SVM
20378,100,2,1,1.2393177977313314,2,1,SVM
20379,100,3,1,0.6594956492014354,3,1,SVM
20380,100,1,0,-0.6359131613514997,2,0,SVM
20381,100,1,1,1.230713380005529,1,1,SVM
20382,100,0,0,0.228882170771616,1,0,SVM
20383,100,2,1,1.0295355805858826,2,1,SVM
20384,100,3,1,-1.0635737044529066,3,1,SVM
20385,100,0,1,-1.3629642804955964,0,1,SVM
20386,100,2,1,0.9841291432973911,2,1,SVM
20387,100,2,1,0.39215152759912186,2,1,SVM
20388,100,3,1,0.13086540403189062,3,1,SVM
20389,100,0,1,0.35145632117851733,0,1,SVM
20390,100,2,1,0.9172690837310142,2,1,SVM
20391,100,0,1,1.0052790180996674,0,1,SVM
20392,100,2,1,-0.4083643143062332,2,1,SVM
20393,100,2,1,-0.6690100099161533,2,1,SVM
20394,100,3,0,-0.2304220678831861,1,0,SVM
20395,100,3,1,1.0956305673150837,3,1,SVM
20396,100,0,1,0.7236305454829584,0,1,SVM
20397,100,2,1,-0.014151035662965938,2,1,SVM
20398,100,1,1,1.1930159404818852,1,1,SVM
20399,100,0,1,-1.12683869530267,0,1,SVM
20400,100,3,1,-1.0381266264236793,3,1,SVM
20401,100,0,1,0.17305197470133749,0,1,SVM
20402,100,1,1,1.140360303937971,1,1,SVM
20403,100,0,1,0.03300045369103799,0,1,SVM
20404,100,2,1,-1.1920956952404325,2,1,SVM
20405,100,1,1,0.6412026521975527,1,1,SVM
20406,100,0,1,-0.6742661002103851,0,1,SVM
20407,100,1,1,0.8839810565445241,1,1,SVM
20408,100,3,1,-0.272715364992024,3,1,SVM
20409,100,2,0,0.4964016093394612,1,0,SVM
20410,100,1,0,1.1942488552928836,0,0,SVM
20411,100,0,1,-0.5823753207861486,0,1,SVM
20412,100,1,1,1.1338342382057967,1,1,SVM
20413,100,0,1,0.8662875677871114,0,1,SVM
20414,100,0,1,1.0424302340983047,0,1,SVM
20415,100,2,1,0.3382599674431752,2,1,SVM
20416,100,3,1,-1.2447419631873267,3,1,SVM
20417,100,3,1,0.48099366343269523,3,1,SVM
20418,100,0,1,-0.6816840327846485,0,1,SVM
20419,100,3,1,0.5325400182120319,3,1,SVM
20420,100,0,1,0.4532793229799523,0,1,SVM
20421,100,3,1,-0.23394011781486412,3,1,SVM
20422,100,3,1,0.39303882423909187,3,1,SVM
20423,100,0,0,-0.40391059285582287,1,0,SVM
20424,100,3,1,1.174479138383692,3,1,SVM
20425,100,3,1,1.2688612898617677,3,1,SVM
20426,100,3,1,0.5828407850676918,3,1,SVM
20427,100,1,1,1.2741351581785203,1,1,SVM
20428,100,1,0,-1.032944020952531,2,0,SVM
20429,100,1,1,1.0684231272767981,1,1,SVM
20430,100,2,1,1.0244153805210203,2,1,SVM
20431,100,3,1,1.1336223713327271,3,1,SVM
20432,100,0,1,0.7893185959219551,0,1,SVM
20433,100,2,1,1.1491537638134517,2,1,SVM
20434,100,3,1,-0.8168585088230778,3,1,SVM
20435,100,1,1,1.0218195540066226,1,1,SVM
20436,100,1,0,1.1971750621183865,0,0,SVM
20437,100,1,1,1.0976255806696074,1,1,SVM
20438,100,3,1,1.0713619285453682,3,1,SVM
20439,100,1,1,0.3517393285001198,1,1,SVM
20440,100,0,1,-0.7237121502049604,0,1,SVM
20441,100,2,1,0.4860672754406252,2,1,SVM
20442,100,3,1,0.9778335185116731,3,1,SVM
20443,100,0,1,-0.01838865060897632,0,1,SVM
20444,100,2,1,-1.2308446494675849,2,1,SVM
20445,100,0,1,0.20953586885627118,0,1,SVM
20446,100,3,1,1.2143130945373777,3,1,SVM
20447,100,0,1,1.2674170183188487,0,1,SVM
20448,100,2,1,1.0380936521101454,2,1,SVM
20449,100,2,1,1.1591476519945054,2,1,SVM
20450,100,3,1,-0.018767029268772717,3,1,SVM
20451,100,0,0,-0.3662134881384276,2,0,SVM
20452,100,0,1,1.243356611194102,0,1,SVM
20453,100,3,1,0.7022026372431327,3,1,SVM
20454,100,3,1,0.6666725043114248,3,1,SVM
20455,100,0,1,0.9888649734350103,0,1,SVM
20456,100,3,1,-0.239935650490537,3,1,SVM
20457,100,3,1,-0.6276247120740237,3,1,SVM
20458,100,1,1,0.8291179889574245,1,1,SVM
20459,100,0,1,0.33434776100577324,0,1,SVM
20460,100,2,1,0.22793171289561798,2,1,SVM
20461,100,3,0,-0.07596523389499765,0,0,SVM
20462,100,3,1,-0.47500567694177676,3,1,SVM
20463,100,3,1,0.9154803444227007,3,1,SVM
20464,100,1,1,0.4585605427261683,1,1,SVM
20465,100,0,0,1.2091282069710054,3,0,SVM
20466,100,1,1,1.0643889522887093,1,1,SVM
20467,100,2,1,1.222357538392064,2,1,SVM
20468,100,3,1,1.0825387316913684,3,1,SVM
20469,100,0,1,0.6010110082132911,0,1,SVM
20470,100,3,1,1.1622602742964823,3,1,SVM
20471,100,1,1,0.787676199120181,1,1,SVM
20472,100,2,0,-0.4874302667812742,1,0,SVM
20473,100,0,1,-0.2471628861504449,0,1,SVM
20474,100,0,1,-1.3937719592606577,0,1,SVM
20475,100,0,1,-0.11366794334880126,0,1,SVM
20476,100,3,0,-0.15879573061798524,0,0,SVM
20477,100,1,1,1.2346402328181156,1,1,SVM
20478,100,2,1,0.7311645938624523,2,1,SVM
20479,100,2,1,0.9880567613886981,2,1,SVM
20480,100,3,1,1.0703916104227567,3,1,SVM
20481,100,0,1,1.1416865687040811,0,1,SVM
20482,100,1,1,0.019834835338862433,1,1,SVM
20483,100,0,1,0.7457769187553112,0,1,SVM
20484,100,3,1,-0.6842290952780736,3,1,SVM
20485,100,2,1,1.1741547686539953,2,1,SVM
20486,100,1,1,-0.35422631976065233,1,1,SVM
20487,100,2,1,-0.8300996260474172,2,1,SVM
20488,100,2,1,-0.4544245340078099,2,1,SVM
20489,100,2,1,1.1105827921097138,2,1,SVM
20490,100,2,1,-0.015230720650336593,2,1,SVM
20491,100,1,1,-0.37412216779186025,1,1,SVM
20492,100,1,1,-1.0170057309893643,1,1,SVM
20493,100,2,1,1.0141669410772316,2,1,SVM
20494,100,2,1,-0.5156784101567702,2,1,SVM
20495,100,2,0,1.1016598086424096,0,0,SVM
20496,100,3,1,-0.21807536189603027,3,1,SVM
20497,100,1,1,-0.7643835116534134,1,1,SVM
20498,100,2,1,1.1526520576206671,2,1,SVM
20499,100,3,1,-0.6319481562829594,3,1,SVM
20000,25,3,1,0.6041666666666666,3,1,DTC
20001,25,3,1,0.819620253164557,3,1,DTC
20002,25,3,1,0.047619047619047616,3,1,DTC
20003,25,3,1,0.5609756097560976,3,1,DTC
20004,25,3,1,0.6041666666666666,3,1,DTC
20005,25,0,1,0.819620253164557,0,1,DTC
20006,25,0,1,0.010638297872340425,0,1,DTC
20007,25,2,1,0.3375,2,1,DTC
20008,25,1,0,0.17543859649122806,3,0,DTC
20009,25,2,1,0.819620253164557,2,1,DTC
20010,25,2,1,0.5609756097560976,2,1,DTC
20011,25,0,0,0.8,1,0,DTC
20012,25,1,1,0.819620253164557,1,1,DTC
20013,25,1,1,0.819620253164557,1,1,DTC
20014,25,0,1,0.819620253164557,0,1,DTC
20015,25,1,0,0.819620253164557,3,0,DTC
20016,25,0,1,0.819620253164557,0,1,DTC
20017,25,0,1,0.819620253164557,0,1,DTC
20018,25,1,1,0.14864864864864866,1,1,DTC
20019,25,0,1,0.819620253164557,0,1,DTC
20020,25,0,1,0.5609756097560976,0,1,DTC
20021,25,1,1,0.819620253164557,1,1,DTC
20022,25,0,0,0.08536585365853659,1,0,DTC
20023,25,0,0,0.819620253164557,3,0,DTC
20024,25,0,1,0.3389830508474576,0,1,DTC
20025,25,3,0,0.17543859649122806,0,0,DTC
20026,25,3,1,0.819620253164557,3,1,DTC
20027,25,2,1,0.5609756097560976,2,1,DTC
20028,25,2,1,0.819620253164557,2,1,DTC
20029,25,0,0,0.819620253164557,1,0,DTC
20030,25,3,0,0.3389830508474576,2,0,DTC
20031,25,2,1,0.17543859649122806,2,1,DTC
20032,25,2,1,0.6041666666666666,2,1,DTC
20033,25,2,1,0.819620253164557,2,1,DTC
20034,25,1,0,0.819620253164557,3,0,DTC
20035,25,1,1,0.819620253164557,1,1,DTC
20036,25,0,1,0.819620253164557,0,1,DTC
20037,25,0,1,0.819620253164557,0,1,DTC
20038,25,2,1,0.819620253164557,2,1,DTC
20039,25,0,1,0.819620253164557,0,1,DTC
20040,25,1,1,0.34375,1,1,DTC
20041,25,1,1,0.819620253164557,1,1,DTC
20042,25,2,1,0.819620253164557,2,1,DTC
20043,25,0,1,0.819620253164557,0,1,DTC
20044,25,0,0,0.819620253164557,2,0,DTC
20045,25,3,1,0.819620253164557,3,1,DTC
20046,25,2,1,0.41208791208791207,2,1,DTC
20047,25,0,1,0.5,0,1,DTC
20048,25,2,0,0.32,0,0,DTC
20049,25,0,1,0.09210526315789473,0,1,DTC
20050,25,0,1,0.819620253164557,0,1,DTC
20051,25,3,1,0.32,3,1,DTC
20052,25,2,1,0.819620253164557,2,1,DTC
20053,25,3,1,0.5609756097560976,3,1,DTC
20054,25,2,1,0.5882352941176471,2,1,DTC
20055,25,1,1,0.34375,1,1,DTC
20056,25,0,1,0.5609756097560976,0,1,DTC
20057,25,3,1,0.6041666666666666,3,1,DTC
20058,25,2,1,0.819620253164557,2,1,DTC
20059,25,3,1,0.819620253164557,3,1,DTC
20060,25,1,1,0.819620253164557,1,1,DTC
20061,25,1,1,0.819620253164557,1,1,DTC
20062,25,3,1,0.819620253164557,3,1,DTC
20063,25,3,1,0.819620253164557,3,1,DTC
20064,25,3,1,0.819620253164557,3,1,DTC
20065,25,1,1,0.819620253164557,1,1,DTC
20066,25,3,0,0.047619047619047616,1,0,DTC
20067,25,0,1,0.819620253164557,0,1,DTC
20068,25,2,1,0.41208791208791207,2,1,DTC
20069,25,2,1,0.21311475409836064,2,1,DTC
20070,25,0,1,0.819620253164557,0,1,DTC
20071,25,2,1,0.819620253164557,2,1,DTC
20072,25,0,1,0.819620253164557,0,1,DTC
20073,25,1,0,0.819620253164557,3,0,DTC
20074,25,1,0,0.819620253164557,3,0,DTC
20075,25,1,1,0.41208791208791207,1,1,DTC
20076,25,1,1,0.819620253164557,1,1,DTC
20077,25,0,1,0.819620253164557,0,1,DTC
20078,25,1,1,0.3389830508474576,1,1,DTC
20079,25,2,1,0.819620253164557,2,1,DTC
20080,25,1,0,0.819620253164557,2,0,DTC
20081,25,3,1,0.819620253164557,3,1,DTC
20082,25,0,1,0.08536585365853659,0,1,DTC
20083,25,0,1,0.6041666666666666,0,1,DTC
20084,25,3,1,0.32,3,1,DTC
20085,25,3,0,0.17543859649122806,2,0,DTC
20086,25,3,1,0.819620253164557,3,1,DTC
20087,25,2,1,0.11475409836065574,2,1,DTC
20088,25,2,1,0.819620253164557,2,1,DTC
20089,25,2,0,0.819620253164557,3,0,DTC
20090,25,0,0,0.0,3,0,DTC
20091,25,3,1,0.819620253164557,3,1,DTC
20092,25,3,1,0.819620253164557,3,1,DTC
20093,25,1,1,0.3384615384615385,1,1,DTC
20094,25,2,0,0.34375,3,0,DTC
20095,25,2,1,0.34375,2,1,DTC
20096,25,1,1,0.819620253164557,1,1,DTC
20097,25,3,1,0.819620253164557,3,1,DTC
20098,25,3,1,0.34375,3,1,DTC
20099,25,1,1,0.819620253164557,1,1,DTC
20100,25,0,1,0.819620253164557,0,1,DTC
20101,25,1,1,0.819620253164557,1,1,DTC
20102,25,1,1,0.819620253164557,1,1,DTC
20103,25,3,1,0.6041666666666666,3,1,DTC
20104,25,1,0,0.819620253164557,3,0,DTC
20105,25,3,1,0.6041666666666666,3,1,DTC
20106,25,0,1,0.819620253164557,0,1,DTC
20107,25,1,1,0.1623931623931624,1,1,DTC
20108,25,2,1,0.6041666666666666,2,1,DTC
20109,25,1,0,1.0,0,0,DTC
20110,25,0,1,0.11475409836065574,0,1,DTC
20111,25,2,0,0.08536585365853659,1,0,DTC
20112,25,3,0,0.08536585365853659,2,0,DTC
20113,25,3,1,0.14864864864864866,3,1,DTC
20114,25,1,1,0.41208791208791207,1,1,DTC
20115,25,2,1,0.17543859649122806,2,1,DTC
20116,25,2,1,0.5609756097560976,2,1,DTC
20117,25,2,1,0.819620253164557,2,1,DTC
20118,25,2,1,0.819620253164557,2,1,DTC
20119,25,2,1,0.21311475409836064,2,1,DTC
20120,25,1,0,0.17543859649122806,2,0,DTC
20121,25,0,1,0.819620253164557,0,1,DTC
20122,25,0,0,0.819620253164557,1,0,DTC
20123,25,3,1,0.819620253164557,3,1,DTC
20124,25,3,0,0.819620253164557,1,0,DTC
20125,50,2,1,0.819620253164557,2,1,DTC
20126,50,0,1,0.819620253164557,0,1,DTC
20127,50,1,1,0.819620253164557,1,1,DTC
20128,50,3,1,0.6041666666666666,3,1,DTC
20129,50,2,0,0.34375,1,0,DTC
20130,50,3,1,0.819620253164557,3,1,DTC
20131,50,3,0,0.819620253164557,0,0,DTC
20132,50,0,1,0.819620253164557,0,1,DTC
20133,50,0,1,0.819620253164557,0,1,DTC
20134,50,0,1,0.819620253164557,0,1,DTC
20135,50,3,0,0.6041666666666666,2,0,DTC
20136,50,0,1,0.819620253164557,0,1,DTC
20137,50,0,0,0.819620253164557,3,0,DTC
20138,50,1,1,0.819620253164557,1,1,DTC
20139,50,2,1,0.819620253164557,2,1,DTC
20140,50,0,1,0.819620253164557,0,1,DTC
20141,50,1,1,0.819620253164557,1,1,DTC
20142,50,1,1,0.819620253164557,1,1,DTC
20143,50,0,1,0.819620253164557,0,1,DTC
20144,50,1,1,0.819620253164557,1,1,DTC
20145,50,0,0,0.41208791208791207,2,0,DTC
20146,50,3,1,0.819620253164557,3,1,DTC
20147,50,2,1,0.819620253164557,2,1,DTC
20148,50,2,1,0.819620253164557,2,1,DTC
20149,50,2,1,0.819620253164557,2,1,DTC
20150,50,1,0,0.5,2,0,DTC
20151,50,3,0,0.7142857142857143,2,0,DTC
20152,50,0,1,0.819620253164557,0,1,DTC
20153,50,3,1,0.6041666666666666,3,1,DTC
20154,50,2,1,0.34375,2,1,DTC
20155,50,0,1,0.819620253164557,0,1,DTC
20156,50,0,1,0.819620253164557,0,1,DTC
20157,50,0,0,0.819620253164557,3,0,DTC
20158,50,0,1,0.819620253164557,0,1,DTC
20159,50,1,0,0.41208791208791207,2,0,DTC
20160,50,1,0,0.819620253164557,3,0,DTC
20161,50,2,0,0.819620253164557,3,0,DTC
20162,50,0,1,0.819620253164557,0,1,DTC
20163,50,2,1,0.819620253164557,2,1,DTC
20164,50,0,1,0.1623931623931624,0,1,DTC
20165,50,3,1,0.819620253164557,3,1,DTC
20166,50,0,0,0.819620253164557,2,0,DTC
20167,50,0,1,0.41208791208791207,0,1,DTC
20168,50,3,1,0.14864864864864866,3,1,DTC
20169,50,0,0,0.819620253164557,2,0,DTC
20170,50,3,1,0.819620253164557,3,1,DTC
20171,50,3,1,0.819620253164557,3,1,DTC
20172,50,1,1,0.819620253164557,1,1,DTC
20173,50,1,1,0.819620253164557,1,1,DTC
20174,50,1,1,0.6041666666666666,1,1,DTC
20175,50,0,1,0.819620253164557,0,1,DTC
20176,50,2,1,0.819620253164557,2,1,DTC
20177,50,0,1,0.3384615384615385,0,1,DTC
20178,50,2,1,0.819620253164557,2,1,DTC
20179,50,1,0,0.34375,3,0,DTC
20180,50,3,0,0.5609756097560976,2,0,DTC
20181,50,3,0,0.6041666666666666,1,0,DTC
20182,50,3,1,0.24793388429752067,3,1,DTC
20183,50,3,1,0.17543859649122806,3,1,DTC
20184,50,1,1,0.819620253164557,1,1,DTC
20185,50,0,1,0.819620253164557,0,1,DTC
20186,50,1,0,0.6041666666666666,3,0,DTC
20187,50,3,1,0.6041666666666666,3,1,DTC
20188,50,0,0,0.5,2,0,DTC
20189,50,1,1,0.819620253164557,1,1,DTC
20190,50,0,1,0.819620253164557,0,1,DTC
20191,50,0,1,0.819620253164557,0,1,DTC
20192,50,0,1,0.41208791208791207,0,1,DTC
20193,50,0,0,0.0,1,0,DTC
20194,50,0,1,0.5609756097560976,0,1,DTC
20195,50,2,1,0.819620253164557,2,1,DTC
20196,50,1,1,0.819620253164557,1,1,DTC
20197,50,1,0,0.819620253164557,0,0,DTC
20198,50,1,1,0.819620253164557,1,1,DTC
20199,50,1,1,0.819620253164557,1,1,DTC
20200,50,1,1,0.819620253164557,1,1,DTC
20201,50,3,1,0.5609756097560976,3,1,DTC
20202,50,3,1,0.819620253164557,3,1,DTC
20203,50,2,1,0.819620253164557,2,1,DTC
20204,50,2,1,0.6041666666666666,2,1,DTC
20205,50,3,0,0.3389830508474576,1,0,DTC
20206,50,3,1,0.819620253164557,3,1,DTC
20207,50,2,1,0.819620253164557,2,1,DTC
20208,50,0,1,0.6041666666666666,0,1,DTC
20209,50,1,1,0.819620253164557,1,1,DTC
20210,50,2,1,0.34375,2,1,DTC
20211,50,0,1,0.819620253164557,0,1,DTC
20212,50,0,1,0.07964601769911504,0,1,DTC
20213,50,2,0,0.819620253164557,3,0,DTC
20214,50,0,1,0.819620253164557,0,1,DTC
20215,50,2,1,0.3384615384615385,2,1,DTC
20216,50,0,1,0.17543859649122806,0,1,DTC
20217,50,2,1,0.819620253164557,2,1,DTC
20218,50,2,1,0.819620253164557,2,1,DTC
20219,50,0,0,0.819620253164557,1,0,DTC
20220,50,1,1,0.1623931623931624,1,1,DTC
20221,50,3,1,0.11475409836065574,3,1,DTC
20222,50,2,1,0.21311475409836064,2,1,DTC
20223,50,2,1,0.819620253164557,2,1,DTC
20224,50,2,0,0.17543859649122806,3,0,DTC
20225,50,2,0,0.3389830508474576,3,0,DTC
20226,50,0,1,0.819620253164557,0,1,DTC
20227,50,3,1,0.819620253164557,3,1,DTC
20228,50,0,1,0.5609756097560976,0,1,DTC
20229,50,3,1,0.819620253164557,3,1,DTC
20230,50,0,0,0.17543859649122806,1,0,DTC
20231,50,0,0,0.819620253164557,3,0,DTC
20232,50,2,1,0.5609756097560976,2,1,DTC
20233,50,1,0,0.819620253164557,2,0,DTC
20234,50,3,0,0.819620253164557,0,0,DTC
20235,50,0,1,0.819620253164557,0,1,DTC
20236,50,0,0,0.819620253164557,2,0,DTC
20237,50,2,1,0.6041666666666666,2,1,DTC
20238,50,3,1,0.819620253164557,3,1,DTC
20239,50,3,1,0.3389830508474576,3,1,DTC
20240,50,0,1,0.819620253164557,0,1,DTC
20241,50,1,1,0.819620253164557,1,1,DTC
20242,50,1,0,0.819620253164557,3,0,DTC
20243,50,3,1,0.3389830508474576,3,1,DTC
20244,50,1,1,0.24793388429752067,1,1,DTC
20245,50,2,1,0.819620253164557,2,1,DTC
20246,50,3,1,0.41208791208791207,3,1,DTC
20247,50,0,1,0.819620253164557,0,1,DTC
20248,50,1,1,0.819620253164557,1,1,DTC
20249,50,1,0,0.17543859649122806,0,0,DTC
20250,75,0,1,0.9018691588785047,0,1,DTC
20251,75,0,1,0.9018691588785047,0,1,DTC
20252,75,3,1,0.3389830508474576,3,1,DTC
20253,75,3,0,0.819620253164557,0,0,DTC
20254,75,3,0,0.819620253164557,2,0,DTC
20255,75,1,1,0.34375,1,1,DTC
20256,75,1,1,0.819620253164557,1,1,DTC
20257,75,1,1,0.819620253164557,1,1,DTC
20258,75,3,1,0.9018691588785047,3,1,DTC
20259,75,1,1,0.7638888888888888,1,1,DTC
20260,75,1,1,0.819620253164557,1,1,DTC
20261,75,2,1,0.6041666666666666,2,1,DTC
20262,75,2,0,0.819620253164557,3,0,DTC
20263,75,2,1,0.9018691588785047,2,1,DTC
20264,75,0,1,0.41208791208791207,0,1,DTC
20265,75,1,1,0.819620253164557,1,1,DTC
20266,75,0,1,0.819620253164557,0,1,DTC
20267,75,2,1,0.819620253164557,2,1,DTC
20268,75,2,1,0.7638888888888888,2,1,DTC
20269,75,1,1,0.9018691588785047,1,1,DTC
20270,75,3,1,0.819620253164557,3,1,DTC
20271,75,3,1,0.9018691588785047,3,1,DTC
20272,75,3,1,0.3389830508474576,3,1,DTC
20273,75,2,0,0.05454545454545454,1,0,DTC
20274,75,1,1,0.7638888888888888,1,1,DTC
20275,75,1,1,0.6041666666666666,1,1,DTC
20276,75,1,1,0.6041666666666666,1,1,DTC
20277,75,0,0,0.08536585365853659,1,0,DTC
20278,75,3,1,0.819620253164557,3,1,DTC
20279,75,1,1,0.819620253164557,1,1,DTC
20280,75,3,1,0.9018691588785047,3,1,DTC
20281,75,0,1,0.3375,0,1,DTC
20282,75,1,1,0.819620253164557,1,1,DTC
20283,75,1,1,0.24793388429752067,1,1,DTC
20284,75,2,1,0.9018691588785047,2,1,DTC
20285,75,2,0,0.9018691588785047,1,0,DTC
20286,75,3,1,0.819620253164557,3,1,DTC
20287,75,0,0,0.819620253164557,1,0,DTC
20288,75,2,1,0.9018691588785047,2,1,DTC
20289,75,2,0,0.5609756097560976,1,0,DTC
20290,75,0,1,0.819620253164557,0,1,DTC
20291,75,2,1,0.24793388429752067,2,1,DTC
20292,75,2,1,0.9018691588785047,2,1,DTC
20293,75,0,0,0.41208791208791207,1,0,DTC
20294,75,2,1,0.6041666666666666,2,1,DTC
20295,75,3,0,0.3389830508474576,2,0,DTC
20296,75,2,1,0.9018691588785047,2,1,DTC
20297,75,2,1,0.9018691588785047,2,1,DTC
20298,75,0,0,0.819620253164557,2,0,DTC
20299,75,0,1,0.819620253164557,0,1,DTC
20300,75,1,1,0.9018691588785047,1,1,DTC
20301,75,2,1,0.6041666666666666,2,1,DTC
20302,75,3,1,0.9018691588785047,3,1,DTC
20303,75,0,0,0.07964601769911504,2,0,DTC
20304,75,3,1,0.47619047619047616,3,1,DTC
20305,75,1,1,0.9018691588785047,1,1,DTC
20306,75,2,0,0.819620253164557,3,0,DTC
20307,75,1,1,0.819620253164557,1,1,DTC
20308,75,3,1,0.7638888888888888,3,1,DTC
20309,75,3,1,0.9018691588785047,3,1,DTC
20310,75,1,1,0.6041666666666666,1,1,DTC
20311,75,0,0,0.05454545454545454,1,0,DTC
20312,75,3,1,0.7638888888888888,3,1,DTC
20313,75,1,0,0.9018691588785047,2,0,DTC
20314,75,0,1,0.819620253164557,0,1,DTC
20315,75,2,1,0.9018691588785047,2,1,DTC
20316,75,1,1,0.819620253164557,1,1,DTC
20317,75,3,1,0.5609756097560976,3,1,DTC
20318,75,1,1,0.9018691588785047,1,1,DTC
20319,75,0,1,0.819620253164557,0,1,DTC
20320,75,2,0,0.6041666666666666,1,0,DTC
20321,75,0,0,0.08536585365853659,1,0,DTC
20322,75,2,1,0.9018691588785047,2,1,DTC
20323,75,1,0,0.09210526315789473,3,0,DTC
20324,75,0,1,0.819620253164557,0,1,DTC
20325,75,0,1,0.6041666666666666,0,1,DTC
20326,75,1,1,0.6041666666666666,1,1,DTC
20327,75,2,1,0.24793388429752067,2,1,DTC
20328,75,0,1,0.9018691588785047,0,1,DTC
20329,75,3,1,0.819620253164557,3,1,DTC
20330,75,2,1,0.6041666666666666,2,1,DTC
20331,75,1,1,0.34375,1,1,DTC
20332,75,2,1,0.9018691588785047,2,1,DTC
20333,75,0,1,0.9018691588785047,0,1,DTC
20334,75,2,1,0.7638888888888888,2,1,DTC
20335,75,2,1,0.819620253164557,2,1,DTC
20336,75,3,1,0.6041666666666666,3,1,DTC
20337,75,0,1,0.6041666666666666,0,1,DTC
20338,75,2,1,0.6041666666666666,2,1,DTC
20339,75,0,0,0.5609756097560976,2,0,DTC
20340,75,1,1,0.819620253164557,1,1,DTC
20341,75,3,1,0.819620253164557,3,1,DTC
20342,75,3,1,0.6041666666666666,3,1,DTC
20343,75,2,1,0.819620253164557,2,1,DTC
20344,75,2,0,0.08536585365853659,3,0,DTC
20345,75,0,1,0.9018691588785047,0,1,DTC
20346,75,0,1,0.1623931623931624,0,1,DTC
20347,75,3,1,0.819620253164557,3,1,DTC
20348,75,0,1,0.819620253164557,0,1,DTC
20349,75,2,1,0.9018691588785047,2,1,DTC
20350,75,2,0,0.9018691588785047,0,0,DTC
20351,75,2,1,0.819620253164557,2,1,DTC
20352,75,1,1,0.9018691588785047,1,1,DTC
20353,75,1,0,0.819620253164557,3,0,DTC
20354,75,1,1,0.3375,1,1,DTC
20355,75,3,1,0.9018691588785047,3,1,DTC
20356,75,1,1,0.819620253164557,1,1,DTC
20357,75,2,1,0.6041666666666666,2,1,DTC
20358,75,2,1,0.24793388429752067,2,1,DTC
20359,75,1,1,0.9018691588785047,1,1,DTC
20360,75,0,0,0.0,3,0,DTC
20361,75,0,1,0.9018691588785047,0,1,DTC
20362,75,1,0,0.08536585365853659,3,0,DTC
20363,75,2,1,0.7638888888888888,2,1,DTC
20364,75,0,1,0.5609756097560976,0,1,DTC
20365,75,2,1,0.819620253164557,2,1,DTC
20366,75,1,1,0.819620253164557,1,1,DTC
20367,75,2,1,0.8,2,1,DTC
20368,75,0,1,0.9018691588785047,0,1,DTC
20369,75,2,1,0.819620253164557,2,1,DTC
20370,75,3,0,0.819620253164557,0,0,DTC
20371,75,3,1,0.819620253164557,3,1,DTC
20372,75,1,1,0.819620253164557,1,1,DTC
20373,75,0,1,0.9018691588785047,0,1,DTC
20374,75,3,1,0.6041666666666666,3,1,DTC
20375,100,0,1,0.6271186440677966,0,1,DTC
20376,100,1,1,1.0,1,1,DTC
20377,100,3,1,1.0,3,1,DTC
20378,100,2,1,1.0,2,1,DTC
20379,100,3,1,0.7638888888888888,3,1,DTC
20380,100,3,0,0.23529411764705882,2,0,DTC
20381,100,1,1,1.0,1,1,DTC
20382,100,0,0,0.6041666666666666,1,0,DTC
20383,100,2,1,0.9018691588785047,2,1,DTC
20384,100,1,0,0.5,3,0,DTC
20385,100,0,1,0.05454545454545454,0,1,DTC
20386,100,2,1,0.7638888888888888,2,1,DTC
20387,100,2,1,0.7638888888888888,2,1,DTC
20388,100,3,1,0.6271186440677966,3,1,DTC
20389,100,0,1,0.6041666666666666,0,1,DTC
20390,100,2,1,0.7638888888888888,2,1,DTC
20391,100,0,1,0.9018691588785047,0,1,DTC
20392,100,1,0,0.6666666666666666,2,0,DTC
20393,100,2,1,0.6666666666666666,2,1,DTC
20394,100,1,1,0.5333333333333333,1,1,DTC
20395,100,3,1,0.5,3,1,DTC
20396,100,0,1,0.9018691588785047,0,1,DTC
20397,100,2,1,0.6041666666666666,2,1,DTC
20398,100,1,1,1.0,1,1,DTC
20399,100,0,1,0.6666666666666666,0,1,DTC
20400,100,3,1,0.3384615384615385,3,1,DTC
20401,100,0,1,0.6271186440677966,0,1,DTC
20402,100,1,1,1.0,1,1,DTC
20403,100,0,1,0.7638888888888888,0,1,DTC
20404,100,3,0,0.07964601769911504,2,0,DTC
20405,100,1,1,0.23529411764705882,1,1,DTC
20406,100,0,1,0.07692307692307693,0,1,DTC
20407,100,1,1,1.0,1,1,DTC
20408,100,3,1,0.6041666666666666,3,1,DTC
20409,100,2,0,0.7638888888888888,1,0,DTC
20410,100,0,1,1.0,0,1,DTC
20411,100,0,1,0.2,0,1,DTC
20412,100,1,1,1.0,1,1,DTC
20413,100,0,1,0.9018691588785047,0,1,DTC
20414,100,0,1,0.9018691588785047,0,1,DTC
20415,100,2,1,0.6271186440677966,2,1,DTC
20416,100,0,0,0.08536585365853659,3,0,DTC
20417,100,3,1,1.0,3,1,DTC
20418,100,0,1,0.47619047619047616,0,1,DTC
20419,100,3,1,0.6271186440677966,3,1,DTC
20420,100,0,1,1.0,0,1,DTC
20421,100,3,1,0.34375,3,1,DTC
20422,100,3,1,0.6271186440677966,3,1,DTC
20423,100,1,1,0.6,1,1,DTC
20424,100,3,1,1.0,3,1,DTC
20425,100,3,1,0.9018691588785047,3,1,DTC
20426,100,3,1,0.7638888888888888,3,1,DTC
20427,100,1,1,1.0,1,1,DTC
20428,100,1,0,0.1623931623931624,2,0,DTC
20429,100,1,1,0.9018691588785047,1,1,DTC
20430,100,2,1,0.9018691588785047,2,1,DTC
20431,100,3,1,0.9018691588785047,3,1,DTC
20432,100,0,1,0.7638888888888888,0,1,DTC
20433,100,2,1,0.9018691588785047,2,1,DTC
20434,100,3,1,0.3,3,1,DTC
20435,100,1,1,0.9018691588785047,1,1,DTC
20436,100,0,1,1.0,0,1,DTC
20437,100,1,1,1.0,1,1,DTC
20438,100,3,1,0.9018691588785047,3,1,DTC
20439,100,1,1,0.6271186440677966,1,1,DTC
20440,100,0,1,0.16666666666666666,0,1,DTC
20441,100,2,1,0.47058823529411764,2,1,DTC
20442,100,3,1,0.9018691588785047,3,1,DTC
20443,100,0,1,0.6666666666666666,0,1,DTC
20444,100,2,1,0.1623931623931624,2,1,DTC
20445,100,0,1,0.6271186440677966,0,1,DTC
20446,100,3,1,0.9018691588785047,3,1,DTC
20447,100,0,1,1.0,0,1,DTC
20448,100,2,1,0.9018691588785047,2,1,DTC
20449,100,2,1,1.0,2,1,DTC
20450,100,3,1,0.23529411764705882,3,1,DTC
20451,100,2,1,0.5,2,1,DTC
20452,100,0,1,0.9018691588785047,0,1,DTC
20453,100,3,1,0.9018691588785047,3,1,DTC
20454,100,3,1,0.7638888888888888,3,1,DTC
20455,100,0,1,1.0,0,1,DTC
20456,100,3,1,0.3389830508474576,3,1,DTC
20457,100,3,1,0.17543859649122806,3,1,DTC
20458,100,1,1,0.7638888888888888,1,1,DTC
20459,100,2,0,0.6666666666666666,0,0,DTC
20460,100,2,1,0.6271186440677966,2,1,DTC
20461,100,0,1,0.5,0,1,DTC
20462,100,0,0,0.5,3,0,DTC
20463,100,3,1,0.7638888888888888,3,1,DTC
20464,100,1,1,0.9018691588785047,1,1,DTC
20465,100,0,0,1.0,3,0,DTC
20466,100,1,1,1.0,1,1,DTC
20467,100,2,1,1.0,2,1,DTC
20468,100,3,1,1.0,3,1,DTC
20469,100,0,1,0.6271186440677966,0,1,DTC
20470,100,0,0,1.0,3,0,DTC
20471,100,1,1,1.0,1,1,DTC
20472,100,2,0,0.47619047619047616,1,0,DTC
20473,100,0,1,0.4,0,1,DTC
20474,100,0,1,0.06451612903225806,0,1,DTC
20475,100,0,1,0.6271186440677966,0,1,DTC
20476,100,3,0,0.6271186440677966,0,0,DTC
20477,100,1,1,1.0,1,1,DTC
20478,100,2,1,0.9018691588785047,2,1,DTC
20479,100,2,1,0.9018691588785047,2,1,DTC
20480,100,0,0,0.9018691588785047,3,0,DTC
20481,100,0,1,0.9018691588785047,0,1,DTC
20482,100,1,1,0.6271186440677966,1,1,DTC
20483,100,0,1,1.0,0,1,DTC
20484,100,2,0,0.17543859649122806,3,0,DTC
20485,100,2,1,1.0,2,1,DTC
20486,100,1,1,0.17543859649122806,1,1,DTC
20487,100,2,1,0.3389830508474576,2,1,DTC
20488,100,0,0,0.2,2,0,DTC
20489,100,2,1,0.7638888888888888,2,1,DTC
20490,100,2,1,0.6271186440677966,2,1,DTC
20491,100,1,1,0.34375,1,1,DTC
20492,100,1,1,0.1623931623931624,1,1,DTC
20493,100,2,1,1.0,2,1,DTC
20494,100,2,1,0.41208791208791207,2,1,DTC
20495,100,2,0,0.9018691588785047,0,0,DTC
20496,100,3,1,0.41208791208791207,3,1,DTC
20497,100,1,1,0.5,1,1,DTC
20498,100,2,1,0.9018691588785047,2,1,DTC
20499,100,3,1,0.2727272727272727,3,1,DTC
20000,25,3,1,0.5760012906108114,3,1,RF-15
20001,25,3,1,0.6169735246590887,3,1,RF-15
20002,25,1,0,0.524355982790155,3,0,RF-15
20003,25,3,1,0.5801044312112754,3,1,RF-15
20004,25,2,0,0.589022047564755,3,0,RF-15
20005,25,0,1,0.6095788690067229,0,1,RF-15
20006,25,0,1,0.524355982790155,0,1,RF-15
20007,25,2,1,0.5591070418487654,2,1,RF-15
20008,25,0,0,0.5816273919123891,3,0,RF-15
20009,25,2,1,0.6095788690067229,2,1,RF-15
20010,25,2,1,0.5874990868636413,2,1,RF-15
20011,25,0,0,0.5591070418487654,1,0,RF-15
20012,25,1,1,0.6169735246590887,1,1,RF-15
20013,25,1,1,0.6095788690067229,1,1,RF-15
20014,25,0,1,0.6169735246590887,0,1,RF-15
20015,25,3,1,0.6169735246590887,3,1,RF-15
20016,25,0,1,0.6095788690067229,0,1,RF-15
20017,25,0,1,0.6169735246590887,0,1,RF-15
20018,25,1,1,0.531750638442521,1,1,RF-15
20019,25,0,1,0.6095788690067229,0,1,RF-15
20020,25,0,1,0.5286293540560221,0,1,RF-15
20021,25,1,1,0.6169735246590887,1,1,RF-15
20022,25,0,0,0.35247445837782887,1,0,RF-15
20023,25,0,0,0.6095788690067229,3,0,RF-15
20024,25,0,1,0.546526852815364,0,1,RF-15
20025,25,3,0,0.5187298814885772,0,0,RF-15
20026,25,3,1,0.5918142987408926,3,1,RF-15
20027,25,2,1,0.5801044312112754,2,1,RF-15
20028,25,2,1,0.6169735246590887,2,1,RF-15
20029,25,1,1,0.6169735246590887,1,1,RF-15
20030,25,2,1,0.5816273919123891,2,1,RF-15
20031,25,1,0,0.518134807800488,2,0,RF-15
20032,25,1,0,0.531750638442521,2,0,RF-15
20033,25,2,1,0.6169735246590887,2,1,RF-15
20034,25,1,0,0.6095788690067229,3,0,RF-15
20035,25,1,1,0.6169735246590887,1,1,RF-15
20036,25,0,1,0.6169735246590887,0,1,RF-15
20037,25,0,1,0.6095788690067229,0,1,RF-15
20038,25,2,1,0.6095788690067229,2,1,RF-15
20039,25,0,1,0.6169735246590887,0,1,RF-15
20040,25,1,1,0.5202561845141251,1,1,RF-15
20041,25,1,1,0.6095788690067229,1,1,RF-15
20042,25,2,1,0.5870585189430991,2,1,RF-15
20043,25,0,1,0.6169735246590887,0,1,RF-15
20044,25,2,1,0.6169735246590887,2,1,RF-15
20045,25,3,1,0.6169735246590887,3,1,RF-15
20046,25,2,1,0.43060532466275847,2,1,RF-15
20047,25,1,0,0.33740425166675525,0,0,RF-15
20048,25,0,1,0.5816273919123891,0,1,RF-15
20049,25,2,0,0.447507841924106,0,0,RF-15
20050,25,0,1,0.6169735246590887,0,1,RF-15
20051,25,3,1,0.4855051254555148,3,1,RF-15
20052,25,2,1,0.5801044312112754,2,1,RF-15
20053,25,2,0,0.4879462139426973,3,0,RF-15
20054,25,3,0,0.38597878643386074,2,0,RF-15
20055,25,2,0,0.5816273919123891,1,0,RF-15
20056,25,0,1,0.5801044312112754,0,1,RF-15
20057,25,3,1,0.5760012906108114,3,1,RF-15
20058,25,2,1,0.5801044312112754,2,1,RF-15
20059,25,3,1,0.6095788690067229,3,1,RF-15
20060,25,1,1,0.6095788690067229,1,1,RF-15
20061,25,1,1,0.6169735246590887,1,1,RF-15
20062,25,3,1,0.6095788690067229,3,1,RF-15
20063,25,3,1,0.6095788690067229,3,1,RF-15
20064,25,3,1,0.5918142987408926,3,1,RF-15
20065,25,1,1,0.6095788690067229,1,1,RF-15
20066,25,2,0,0.40179179456394204,1,0,RF-15
20067,25,0,1,0.6095788690067229,0,1,RF-15
20068,25,1,0,0.4907784043942435,2,0,RF-15
20069,25,2,1,0.4159009851662761,2,1,RF-15
20070,25,0,1,0.5796638632907333,0,1,RF-15
20071,25,2,1,0.6169735246590887,2,1,RF-15
20072,25,0,1,0.6095788690067229,0,1,RF-15
20073,25,1,0,0.6095788690067229,3,0,RF-15
20074,25,1,0,0.6095788690067229,3,0,RF-15
20075,25,1,1,0.472806527073919,1,1,RF-15
20076,25,1,1,0.6169735246590887,1,1,RF-15
20077,25,0,1,0.6095788690067229,0,1,RF-15
20078,25,1,1,0.5268057019060677,1,1,RF-15
20079,25,2,1,0.6169735246590887,2,1,RF-15
20080,25,2,1,0.6169735246590887,2,1,RF-15
20081,25,3,1,0.6095788690067229,3,1,RF-15
20082,25,0,1,0.41393026352819445,0,1,RF-15
20083,25,0,1,0.5760012906108114,0,1,RF-15
20084,25,3,1,0.5523074598844888,3,1,RF-15
20085,25,0,0,0.3822832630803924,2,0,RF-15
20086,25,3,1,0.6169735246590887,3,1,RF-15
20087,25,2,1,0.5816273919123891,2,1,RF-15
20088,25,2,1,0.6095788690067229,2,1,RF-15
20089,25,2,0,0.6095788690067229,3,0,RF-15
20090,25,0,0,0.4269510204821382,3,0,RF-15
20091,25,3,1,0.6169735246590887,3,1,RF-15
20092,25,3,1,0.6095788690067229,3,1,RF-15
20093,25,1,1,0.589022047564755,1,1,RF-15
20094,25,3,1,0.5816273919123891,3,1,RF-15
20095,25,3,0,0.5816273919123891,2,0,RF-15
20096,25,1,1,0.6169735246590887,1,1,RF-15
20097,25,3,1,0.6169735246590887,3,1,RF-15
20098,25,3,1,0.4748642453303505,3,1,RF-15
20099,25,1,1,0.6095788690067229,1,1,RF-15
20100,25,0,1,0.6169735246590887,0,1,RF-15
20101,25,1,1,0.6095788690067229,1,1,RF-15
20102,25,1,1,0.6095788690067229,1,1,RF-15
20103,25,3,1,0.5760012906108114,3,1,RF-15
20104,25,3,1,0.5760012906108114,3,1,RF-15
20105,25,3,1,0.5760012906108114,3,1,RF-15
20106,25,0,1,0.6095788690067229,0,1,RF-15
20107,25,1,1,0.472806527073919,1,1,RF-15
20108,25,2,1,0.5760012906108114,2,1,RF-15
20109,25,0,1,0.6169735246590887,0,1,RF-15
20110,25,0,1,0.524355982790155,0,1,RF-15
20111,25,2,0,0.4412866669344389,1,0,RF-15
20112,25,3,0,0.41393026352819445,2,0,RF-15
20113,25,3,1,0.531750638442521,3,1,RF-15
20114,25,1,1,0.48787673378499263,1,1,RF-15
20115,25,2,1,0.5460862848948218,2,1,RF-15
20116,25,2,1,0.5801044312112754,2,1,RF-15
20117,25,2,1,0.6095788690067229,2,1,RF-15
20118,25,2,1,0.6095788690067229,2,1,RF-15
20119,25,0,0,0.4907784043942435,2,0,RF-15
20120,25,1,0,0.4070483512214527,2,0,RF-15
20121,25,0,1,0.6095788690067229,0,1,RF-15
20122,25,0,0,0.6169735246590887,1,0,RF-15
20123,25,3,1,0.6169735246590887,3,1,RF-15
20124,25,3,0,0.6095788690067229,1,0,RF-15
20125,50,2,1,0.6095788690067229,2,1,RF-15
20126,50,0,1,0.6169735246590887,0,1,RF-15
20127,50,1,1,0.6095788690067229,1,1,RF-15
20128,50,3,1,0.5760012906108114,3,1,RF-15
20129,50,1,1,0.589022047564755,1,1,RF-15
20130,50,3,1,0.6169735246590887,3,1,RF-15
20131,50,3,0,0.5768316728391871,0,0,RF-15
20132,50,0,1,0.6169735246590887,0,1,RF-15
20133,50,0,1,0.6095788690067229,0,1,RF-15
20134,50,0,1,0.5760012906108114,0,1,RF-15
20135,50,3,0,0.5760012906108114,2,0,RF-15
20136,50,0,1,0.6095788690067229,0,1,RF-15
20137,50,0,0,0.6095788690067229,3,0,RF-15
20138,50,1,1,0.6095788690067229,1,1,RF-15
20139,50,2,1,0.5918142987408926,2,1,RF-15
20140,50,0,1,0.6095788690067229,0,1,RF-15
20141,50,1,1,0.6095788690067229,1,1,RF-15
20142,50,1,1,0.6095788690067229,1,1,RF-15
20143,50,0,1,0.6095788690067229,0,1,RF-15
20144,50,1,1,0.6169735246590887,1,1,RF-15
20145,50,0,0,0.48787673378499263,2,0,RF-15
20146,50,3,1,0.6169735246590887,3,1,RF-15
20147,50,2,1,0.6169735246590887,2,1,RF-15
20148,50,2,1,0.6095788690067229,2,1,RF-15
20149,50,2,1,0.6095788690067229,2,1,RF-15
20150,50,3,0,0.4748642453303505,2,0,RF-15
20151,50,0,0,0.5595476097693075,2,0,RF-15
20152,50,0,1,0.6169735246590887,0,1,RF-15
20153,50,3,1,0.5760012906108114,3,1,RF-15
20154,50,2,1,0.4822589009827164,2,1,RF-15
20155,50,0,1,0.6095788690067229,0,1,RF-15
20156,50,0,1,0.6095788690067229,0,1,RF-15
20157,50,0,0,0.6095788690067229,3,0,RF-15
20158,50,0,1,0.6169735246590887,0,1,RF-15
20159,50,1,0,0.48787673378499263,2,0,RF-15
20160,50,1,0,0.6095788690067229,3,0,RF-15
20161,50,2,0,0.6095788690067229,3,0,RF-15
20162,50,0,1,0.6095788690067229,0,1,RF-15
20163,50,2,1,0.6095788690067229,2,1,RF-15
20164,50,0,1,0.4584022959895451,0,1,RF-15
20165,50,3,1,0.6095788690067229,3,1,RF-15
20166,50,2,1,0.6169735246590887,2,1,RF-15
20167,50,3,0,0.5185753757210302,0,0,RF-15
20168,50,3,1,0.5816273919123891,3,1,RF-15
20169,50,0,0,0.6095788690067229,2,0,RF-15
20170,50,3,1,0.6095788690067229,3,1,RF-15
20171,50,3,1,0.6095788690067229,3,1,RF-15
20172,50,1,1,0.6095788690067229,1,1,RF-15
20173,50,1,1,0.6095788690067229,1,1,RF-15
20174,50,1,1,0.5760012906108114,1,1,RF-15
20175,50,0,1,0.6095788690067229,0,1,RF-15
20176,50,2,1,0.6169735246590887,2,1,RF-15
20177,50,0,1,0.589022047564755,0,1,RF-15
20178,50,2,1,0.6095788690067229,2,1,RF-15
20179,50,1,0,0.4822589009827164,3,0,RF-15
20180,50,3,0,0.5801044312112754,2,0,RF-15
20181,50,1,1,0.589022047564755,1,1,RF-15
20182,50,3,1,0.44715413579493163,3,1,RF-15
20183,50,3,1,0.5268057019060677,3,1,RF-15
20184,50,1,1,0.6095788690067229,1,1,RF-15
20185,50,0,1,0.6169735246590887,0,1,RF-15
20186,50,1,0,0.5760012906108114,3,0,RF-15
20187,50,1,0,0.5816273919123891,3,0,RF-15
20188,50,0,0,0.5595476097693075,2,0,RF-15
20189,50,1,1,0.6169735246590887,1,1,RF-15
20190,50,0,1,0.6169735246590887,0,1,RF-15
20191,50,0,1,0.6095788690067229,0,1,RF-15
20192,50,0,1,0.472806527073919,0,1,RF-15
20193,50,2,0,0.4133351898401052,1,0,RF-15
20194,50,0,1,0.5801044312112754,0,1,RF-15
20195,50,2,1,0.6169735246590887,2,1,RF-15
20196,50,1,1,0.6169735246590887,1,1,RF-15
20197,50,1,0,0.6095788690067229,0,0,RF-15
20198,50,1,1,0.6169735246590887,1,1,RF-15
20199,50,1,1,0.6095788690067229,1,1,RF-15
20200,50,1,1,0.6169735246590887,1,1,RF-15
20201,50,3,1,0.47490080494932624,3,1,RF-15
20202,50,3,1,0.6169735246590887,3,1,RF-15
20203,50,2,1,0.5918142987408926,2,1,RF-15
20204,50,2,1,0.5760012906108114,2,1,RF-15
20205,50,0,0,0.5816273919123891,1,0,RF-15
20206,50,3,1,0.6095788690067229,3,1,RF-15
20207,50,2,1,0.6095788690067229,2,1,RF-15
20208,50,0,1,0.5268057019060677,0,1,RF-15
20209,50,1,1,0.6095788690067229,1,1,RF-15
20210,50,2,1,0.4748642453303505,2,1,RF-15
20211,50,0,1,0.6095788690067229,0,1,RF-15
20212,50,3,0,0.4543074238883827,0,0,RF-15
20213,50,2,0,0.6095788690067229,3,0,RF-15
20214,50,0,1,0.6095788690067229,0,1,RF-15
20215,50,2,1,0.589022047564755,2,1,RF-15
20216,50,0,1,0.49405850573853194,0,1,RF-15
20217,50,2,1,0.6169735246590887,2,1,RF-15
20218,50,2,1,0.6095788690067229,2,1,RF-15
20219,50,1,1,0.6169735246590887,1,1,RF-15
20220,50,3,0,0.4412866669344389,1,0,RF-15
20221,50,3,1,0.589022047564755,3,1,RF-15
20222,50,1,0,0.4159009851662761,2,0,RF-15
20223,50,2,1,0.6169735246590887,2,1,RF-15
20224,50,2,0,0.472806527073919,3,0,RF-15
20225,50,1,0,0.472806527073919,3,0,RF-15
20226,50,0,1,0.6169735246590887,0,1,RF-15
20227,50,3,1,0.6095788690067229,3,1,RF-15
20228,50,0,1,0.5801044312112754,0,1,RF-15
20229,50,3,1,0.6169735246590887,3,1,RF-15
20230,50,0,0,0.472806527073919,1,0,RF-15
20231,50,0,0,0.6095788690067229,3,0,RF-15
20232,50,2,1,0.50506729983962,2,1,RF-15
20233,50,2,1,0.6169735246590887,2,1,RF-15
20234,50,3,0,0.5918142987408926,0,0,RF-15
20235,50,0,1,0.6169735246590887,0,1,RF-15
20236,50,0,0,0.6169735246590887,2,0,RF-15
20237,50,2,1,0.5760012906108114,2,1,RF-15
20238,50,3,1,0.5768316728391871,3,1,RF-15
20239,50,2,0,0.5480498135164776,3,0,RF-15
20240,50,0,1,0.6095788690067229,0,1,RF-15
20241,50,1,1,0.6095788690067229,1,1,RF-15
20242,50,1,0,0.6095788690067229,3,0,RF-15
20243,50,3,1,0.5035239076769057,3,1,RF-15
20244,50,0,0,0.5480498135164776,1,0,RF-15
20245,50,2,1,0.6095788690067229,2,1,RF-15
20246,50,3,1,0.472806527073919,3,1,RF-15
20247,50,0,1,0.6169735246590887,0,1,RF-15
20248,50,1,1,0.6095788690067229,1,1,RF-15
20249,50,0,1,0.44715413579493163,0,1,RF-15
20250,75,0,1,0.6846415577045268,0,1,RF-15
20251,75,0,1,0.6846415577045268,0,1,RF-15
20252,75,2,0,0.5638628216465589,3,0,RF-15
20253,75,0,1,0.6150063564998773,0,1,RF-15
20254,75,2,1,0.6846415577045268,2,1,RF-15
20255,75,1,1,0.5128615288617593,1,1,RF-15
20256,75,1,1,0.6169735246590887,1,1,RF-15
20257,75,1,1,0.6485839348957889,1,1,RF-15
20258,75,3,1,0.6846415577045268,3,1,RF-15
20259,75,1,1,0.6846415577045268,1,1,RF-15
20260,75,1,1,0.5918142987408926,1,1,RF-15
20261,75,2,1,0.6510639793086153,2,1,RF-15
20262,75,2,0,0.6095788690067229,3,0,RF-15
20263,75,2,1,0.6920362133568927,2,1,RF-15
20264,75,0,1,0.6011134334040001,0,1,RF-15
20265,75,1,1,0.6169735246590887,1,1,RF-15
20266,75,0,1,0.6485839348957889,0,1,RF-15
20267,75,2,1,0.6559785905481548,2,1,RF-15
20268,75,2,1,0.6485839348957889,2,1,RF-15
20269,75,1,1,0.6920362133568927,1,1,RF-15
20270,75,3,1,0.6095788690067229,3,1,RF-15
20271,75,3,1,0.6846415577045268,3,1,RF-15
20272,75,0,0,0.4159009851662761,3,0,RF-15
20273,75,2,0,0.4936139459291528,1,0,RF-15
20274,75,1,1,0.6846415577045268,1,1,RF-15
20275,75,3,0,0.589022047564755,1,0,RF-15
20276,75,1,1,0.5658107677951337,1,1,RF-15
20277,75,3,0,0.472806527073919,1,0,RF-15
20278,75,2,0,0.589022047564755,3,0,RF-15
20279,75,1,1,0.6559785905481548,1,1,RF-15
20280,75,3,1,0.6920362133568927,3,1,RF-15
20281,75,0,1,0.589022047564755,0,1,RF-15
20282,75,1,1,0.6169735246590887,1,1,RF-15
20283,75,1,1,0.4397594801425656,1,1,RF-15
20284,75,2,1,0.6920362133568927,2,1,RF-15
20285,75,2,0,0.6846415577045268,1,0,RF-15
20286,75,3,1,0.6169735246590887,3,1,RF-15
20287,75,1,1,0.6846415577045268,1,1,RF-15
20288,75,2,1,0.6920362133568927,2,1,RF-15
20289,75,2,0,0.46750614929696027,1,0,RF-15
20290,75,1,0,0.6846415577045268,0,0,RF-15
20291,75,0,0,0.5480498135164776,2,0,RF-15
20292,75,2,1,0.6846415577045268,2,1,RF-15
20293,75,1,1,0.49261328072669813,1,1,RF-15
20294,75,2,1,0.6243952276331621,2,1,RF-15
20295,75,2,1,0.589022047564755,2,1,RF-15
20296,75,2,1,0.6485839348957889,2,1,RF-15
20297,75,2,1,0.6920362133568927,2,1,RF-15
20298,75,0,0,0.6095788690067229,2,0,RF-15
20299,75,0,1,0.6169735246590887,0,1,RF-15
20300,75,1,1,0.6920362133568927,1,1,RF-15
20301,75,0,0,0.589022047564755,2,0,RF-15
20302,75,3,1,0.6920362133568927,3,1,RF-15
20303,75,1,0,0.4543074238883827,2,0,RF-15
20304,75,1,0,0.42203327452271727,3,0,RF-15
20305,75,1,1,0.6846415577045268,1,1,RF-15
20306,75,1,0,0.6510639793086153,3,0,RF-15
20307,75,1,1,0.6485839348957889,1,1,RF-15
20308,75,3,1,0.6846415577045268,3,1,RF-15
20309,75,3,1,0.6846415577045268,3,1,RF-15
20310,75,1,1,0.6510639793086153,1,1,RF-15
20311,75,0,0,0.4822589009827164,1,0,RF-15
20312,75,3,1,0.6846415577045268,3,1,RF-15
20313,75,1,0,0.6920362133568927,2,0,RF-15
20314,75,3,0,0.6243952276331621,0,0,RF-15
20315,75,2,1,0.6846415577045268,2,1,RF-15
20316,75,1,1,0.6485839348957889,1,1,RF-15
20317,75,1,0,0.5816273919123891,3,0,RF-15
20318,75,1,1,0.6920362133568927,1,1,RF-15
20319,75,0,1,0.6169735246590887,0,1,RF-15
20320,75,0,0,0.5958080442635905,1,0,RF-15
20321,75,1,1,0.5480498135164776,1,1,RF-15
20322,75,2,1,0.6920362133568927,2,1,RF-15
20323,75,2,0,0.4375095305039508,3,0,RF-15
20324,75,0,1,0.6485839348957889,0,1,RF-15
20325,75,0,1,0.5760012906108114,0,1,RF-15
20326,75,1,1,0.6510639793086153,1,1,RF-15
20327,75,2,1,0.4669608894477107,2,1,RF-15
20328,75,0,1,0.6920362133568927,0,1,RF-15
20329,75,3,1,0.6095788690067229,3,1,RF-15
20330,75,2,1,0.5658107677951337,2,1,RF-15
20331,75,1,1,0.4822589009827164,1,1,RF-15
20332,75,2,1,0.6559785905481548,2,1,RF-15
20333,75,0,1,0.6920362133568927,0,1,RF-15
20334,75,2,1,0.6324504623939659,2,1,RF-15
20335,75,2,1,0.6485839348957889,2,1,RF-15
20336,75,3,1,0.6510639793086153,3,1,RF-15
20337,75,0,1,0.6510639793086153,0,1,RF-15
20338,75,2,1,0.5268057019060677,2,1,RF-15
20339,75,2,1,0.5202561845141251,2,1,RF-15
20340,75,1,1,0.6169735246590887,1,1,RF-15
20341,75,3,1,0.6485839348957889,3,1,RF-15
20342,75,3,1,0.6150063564998773,3,1,RF-15
20343,75,2,1,0.6095788690067229,2,1,RF-15
20344,75,2,0,0.4187598299051485,3,0,RF-15
20345,75,0,1,0.6846415577045268,0,1,RF-15
20346,75,0,1,0.49261328072669813,0,1,RF-15
20347,75,3,1,0.6559785905481548,3,1,RF-15
20348,75,0,1,0.6485839348957889,0,1,RF-15
20349,75,2,1,0.6920362133568927,2,1,RF-15
20350,75,2,0,0.6920362133568927,0,0,RF-15
20351,75,2,1,0.6367802783118678,2,1,RF-15
20352,75,1,1,0.6920362133568927,1,1,RF-15
20353,75,1,0,0.6095788690067229,3,0,RF-15
20354,75,1,1,0.5816273919123891,1,1,RF-15
20355,75,3,1,0.6920362133568927,3,1,RF-15
20356,75,1,1,0.6559785905481548,1,1,RF-15
20357,75,2,1,0.6150063564998773,2,1,RF-15
20358,75,1,0,0.5816273919123891,2,0,RF-15
20359,75,1,1,0.6920362133568927,1,1,RF-15
20360,75,3,1,0.3847855053502576,3,1,RF-15
20361,75,0,1,0.6920362133568927,0,1,RF-15
20362,75,3,1,0.589022047564755,3,1,RF-15
20363,75,2,1,0.6668769874386966,2,1,RF-15
20364,75,1,0,0.5760012906108114,0,0,RF-15
20365,75,2,1,0.6367802783118678,2,1,RF-15
20366,75,1,1,0.6559785905481548,1,1,RF-15
20367,75,0,0,0.6011134334040001,2,0,RF-15
20368,75,0,1,0.6846415577045268,0,1,RF-15
20369,75,2,1,0.6299704179811394,2,1,RF-15
20370,75,0,1,0.6846415577045268,0,1,RF-15
20371,75,3,1,0.6095788690067229,3,1,RF-15
20372,75,1,1,0.6485839348957889,1,1,RF-15
20373,75,0,1,0.6846415577045268,0,1,RF-15
20374,75,3,1,0.6150063564998773,3,1,RF-15
20375,100,2,0,0.5547799328255281,0,0,RF-15
20376,100,1,1,0.6639940609153506,1,1,RF-15
20377,100,3,1,0.6975716393112622,3,1,RF-15
20378,100,2,1,0.6975716393112622,2,1,RF-15
20379,100,3,1,0.6789581223966129,3,1,RF-15
20380,100,3,0,0.5703960528010135,2,0,RF-15
20381,100,1,1,0.7049662949636281,1,1,RF-15
20382,100,0,0,0.6510639793086153,1,0,RF-15
20383,100,2,1,0.7049662949636281,2,1,RF-15
20384,100,3,1,0.5854662595120871,3,1,RF-15
20385,100,0,1,0.4936139459291528,0,1,RF-15
20386,100,2,1,0.6975716393112622,2,1,RF-15
20387,100,2,1,0.6639940609153506,2,1,RF-15
20388,100,1,0,0.6527257583897494,3,0,RF-15
20389,100,0,1,0.6324504623939659,0,1,RF-15
20390,100,2,1,0.6975716393112622,2,1,RF-15
20391,100,0,1,0.7049662949636281,0,1,RF-15
20392,100,2,1,0.5763072729230653,2,1,RF-15
20393,100,2,1,0.6640847362625589,2,1,RF-15
20394,100,1,1,0.6640847362625589,1,1,RF-15
20395,100,3,1,0.6975716393112622,3,1,RF-15
20396,100,0,1,0.6920362133568927,0,1,RF-15
20397,100,2,1,0.6510639793086153,2,1,RF-15
20398,100,1,1,0.6975716393112622,1,1,RF-15
20399,100,0,1,0.5051095266195407,0,1,RF-15
20400,100,3,1,0.589022047564755,3,1,RF-15
20401,100,2,0,0.5816273919123891,0,0,RF-15
20402,100,1,1,0.6975716393112622,1,1,RF-15
20403,100,0,1,0.686303336785661,0,1,RF-15
20404,100,2,1,0.6231125022142815,2,1,RF-15
20405,100,1,1,0.6639940609153506,1,1,RF-15
20406,100,0,1,0.5353089832494047,0,1,RF-15
20407,100,0,0,0.6640847362625589,1,0,RF-15
20408,100,3,1,0.6243952276331621,3,1,RF-15
20409,100,2,0,0.6846415577045268,1,0,RF-15
20410,100,0,1,0.7049662949636281,0,1,RF-15
20411,100,1,0,0.551782535886364,0,0,RF-15
20412,100,1,1,0.6975716393112622,1,1,RF-15
20413,100,0,1,0.6975716393112622,0,1,RF-15
20414,100,0,1,0.6846415577045268,0,1,RF-15
20415,100,2,1,0.6148668059221362,2,1,RF-15
20416,100,1,0,0.4936139459291528,3,0,RF-15
20417,100,3,1,0.6639940609153506,3,1,RF-15
20418,100,1,0,0.4543074238883827,0,0,RF-15
20419,100,3,1,0.6660280407898773,3,1,RF-15
20420,100,1,0,0.6920362133568927,0,0,RF-15
20421,100,1,0,0.6231125022142815,3,0,RF-15
20422,100,3,1,0.6660280407898773,3,1,RF-15
20423,100,3,0,0.5854662595120871,1,0,RF-15
20424,100,3,1,0.7049662949636281,3,1,RF-15
20425,100,3,1,0.7049662949636281,3,1,RF-15
20426,100,3,1,0.6846415577045268,3,1,RF-15
20427,100,1,1,0.6975716393112622,1,1,RF-15
20428,100,1,0,0.4363341961510354,2,0,RF-15
20429,100,1,1,0.6975716393112622,1,1,RF-15
20430,100,2,1,0.6846415577045268,2,1,RF-15
20431,100,3,1,0.7049662949636281,3,1,RF-15
20432,100,0,1,0.6798070690454321,0,1,RF-15
20433,100,2,1,0.7049662949636281,2,1,RF-15
20434,100,3,1,0.6566900806101931,3,1,RF-15
20435,100,1,1,0.6920362133568927,1,1,RF-15
20436,100,0,1,0.6975716393112622,0,1,RF-15
20437,100,1,1,0.6975716393112622,1,1,RF-15
20438,100,3,1,0.6975716393112622,3,1,RF-15
20439,100,1,1,0.63655360299443,1,1,RF-15
20440,100,0,1,0.6640847362625589,0,1,RF-15
20441,100,2,1,0.6453805440007013,2,1,RF-15
20442,100,3,1,0.7049662949636281,3,1,RF-15
20443,100,0,1,0.5983963411188226,0,1,RF-15
20444,100,2,1,0.5223080980909165,2,1,RF-15
20445,100,0,1,0.63655360299443,0,1,RF-15
20446,100,3,1,0.7049662949636281,3,1,RF-15
20447,100,0,1,0.7049662949636281,0,1,RF-15
20448,100,2,1,0.6975716393112622,2,1,RF-15
20449,100,2,1,0.6975716393112622,2,1,RF-15
20450,100,3,1,0.6140435150107355,3,1,RF-15
20451,100,0,0,0.5983963411188226,2,0,RF-15
20452,100,0,1,0.7049662949636281,0,1,RF-15
20453,100,3,1,0.7049662949636281,3,1,RF-15
20454,100,3,1,0.6846415577045268,3,1,RF-15
20455,100,0,1,0.6975716393112622,0,1,RF-15
20456,100,2,0,0.6231125022142815,3,0,RF-15
20457,100,1,0,0.5521529541169417,3,0,RF-15
20458,100,1,1,0.6975716393112622,1,1,RF-15
20459,100,0,1,0.6639940609153506,0,1,RF-15
20460,100,2,1,0.5850785258391765,2,1,RF-15
20461,100,1,0,0.5964437505388284,0,0,RF-15
20462,100,3,1,0.6260570067142963,3,1,RF-15
20463,100,3,1,0.6975716393112622,3,1,RF-15
20464,100,1,1,0.6846415577045268,1,1,RF-15
20465,100,3,1,0.7049662949636281,3,1,RF-15
20466,100,1,1,0.6975716393112622,1,1,RF-15
20467,100,2,1,0.7049662949636281,2,1,RF-15
20468,100,3,1,0.7049662949636281,3,1,RF-15
20469,100,0,1,0.6863527780489788,0,1,RF-15
20470,100,3,1,0.6920362133568927,3,1,RF-15
20471,100,1,1,0.6639940609153506,1,1,RF-15
20472,100,3,0,0.5816273919123891,1,0,RF-15
20473,100,0,1,0.6030856098756268,0,1,RF-15
20474,100,0,1,0.6206324578014552,0,1,RF-15
20475,100,2,0,0.5854662595120871,0,0,RF-15
20476,100,0,1,0.5427036389017706,0,1,RF-15
20477,100,1,1,0.6975716393112622,1,1,RF-15
20478,100,2,1,0.6920362133568927,2,1,RF-15
20479,100,2,1,0.7049662949636281,2,1,RF-15
20480,100,3,1,0.7049662949636281,3,1,RF-15
20481,100,0,1,0.7049662949636281,0,1,RF-15
20482,100,1,1,0.5541218159704085,1,1,RF-15
20483,100,0,1,0.6639940609153506,0,1,RF-15
20484,100,2,0,0.5703960528010135,3,0,RF-15
20485,100,2,1,0.6975716393112622,2,1,RF-15
20486,100,1,1,0.5695080314797153,1,1,RF-15
20487,100,3,0,0.5459145254616039,2,0,RF-15
20488,100,2,1,0.5668527425974376,2,1,RF-15
20489,100,2,1,0.6975716393112622,2,1,RF-15
20490,100,0,0,0.5703960528010135,2,0,RF-15
20491,100,1,1,0.5670279870668887,1,1,RF-15
20492,100,1,1,0.551782535886364,1,1,RF-15
20493,100,2,1,0.6975716393112622,2,1,RF-15
20494,100,2,1,0.5854662595120871,2,1,RF-15
20495,100,2,0,0.6975716393112622,0,0,RF-15
20496,100,2,0,0.6014341455651682,3,0,RF-15
20497,100,1,1,0.5051095266195407,1,1,RF-15
20498,100,2,1,0.7049662949636281,2,1,RF-15
20499,100,0,0,0.5870548794055436,3,0,RF-15
