model,node_count,pdr_percent,loss_aware_delay_ms,routing_overhead_ratio
DTC,25,28.512,766.0526799865601,0.43000454614335504
DTC,50,75.76,442.35659999684003,0.1624030886091842
DTC,75,90.468,332.19852004959995,0.15294128400116994
DTC,100,90.696,318.5421999814,0.17178411228476342
RF-15,25,27.48,774.64651998992,0.4567231299655224
RF-15,50,74.036,456.11599999303996,0.17404120477107876
RF-15,75,89.148,341.90820001684,0.1590417767594834
RF-15,100,90.256,321.315079958,0.17317602386764308
SVM,25,28.568,765.5837599858401,0.4339039966419812
SVM,50,75.68,444.1277999980401,0.16225944034120462
SVM,75,90.844,329.25764003772,0.1509753175612031
SVM,100,91.624,311.2278399604,0.16680751354050627
70% worst-biased random bound,25,21.743199999999995,824.014351999376,0.590819692484812
70% worst-biased random bound,50,60.64839999999999,557.1225679980081,0.26811787421846267
70% worst-biased random bound,75,71.32239999999999,475.94057199489606,0.26101582556672087
70% worst-biased random bound,100,72.7644,457.6342400103681,0.2731602545114415
