Nodes,Model,PDR (%),E2ED (ms),ROR,Control transmissions,Data-hop transmissions,Scenarios
25,SVM,25.6,215.1054688125,0.42876712328767125,626.0,834.0,5
25,DTC,25.6,214.0078125625,0.4447403462050599,668.0,834.0,5
25,RF,25.3,228.72332045454544,0.4958283671036949,832.0,846.0,5
25,Baseline worst-OC,13.4,219.72388079850745,0.6947674418604651,956.0,420.0,5
50,SVM,65.6,324.99847567835366,0.1832595010491956,786.0,3503.0,5
50,DTC,78.0,310.47948722820513,0.12632508833922262,572.0,3956.0,5
50,RF,58.1,318.5163510826162,0.23987854251012145,948.0,3004.0,5
50,Baseline worst-OC,53.8,330.2806692026022,0.2766658221434001,1092.0,2855.0,5
75,SVM,97.0,254.30927820309276,0.13902771467514766,612.0,3790.0,5
75,DTC,97.8,254.94580770961147,0.13462404322377308,598.0,3844.0,5
75,RF,88.8,255.5382882364865,0.1743161798794622,752.0,3562.0,5
75,Baseline worst-OC,72.6,260.64049574517907,0.26442062276671774,1036.0,2882.0,5
100,SVM,94.4,239.59851698516948,0.1563164108618654,662.0,3573.0,5
100,DTC,93.5,239.29625679144385,0.1597520267048164,670.0,3524.0,5
100,RF,84.3,237.44958485409254,0.20593412119688206,819.0,3158.0,5
100,Baseline worst-OC,65.1,247.7987710583717,0.3163265306122449,1147.0,2479.0,5
