train,validation,test
195,335.0,67.0
170,34.0,355.0
374,94.0,360.0
159,447.0,446.0
104,482.0,495.0
399,351.0,142.0
174,97.0,125.0
217,386.0,273.0
245,166.0,293.0
50,291.0,283.0
437,219.0,369.0
48,224.0,168.0
411,481.0,257.0
66,296.0,76.0
334,54.0,186.0
254,196.0,363.0
259,479.0,483.0
1,332.0,292.0
430,434.0,278.0
127,132.0,322.0
207,215.0,4.0
272,328.0,192.0
280,38.0,107.0
424,494.0,136.0
470,65.0,18.0
53,390.0,130.0
162,396.0,426.0
37,206.0,61.0
47,111.0,378.0
56,180.0,152.0
258,299.0,302.0
475,290.0,375.0
187,265.0,408.0
242,88.0,106.0
477,20.0,406.0
371,333.0,40.0
28,214.0,178.0
370,279.0,414.0
29,7.0,189.0
239,300.0,146.0
427,425.0,271.0
391,441.0,417.0
490,71.0,433.0
317,345.0,381.0
164,27.0,420.0
201,452.0,311.0
70,63.0,240.0
413,305.0,143.0
465,75.0,149.0
11,121.0,133.0
402,171.0,74.0
144,251.0,337.0
176,236.0,385.0
204,432.0,233.0
488,474.0,346.0
33,15.0,42.0
342,486.0,282.0
209,267.0,353.0
90,211.0,103.0
36,139.0,309.0
221,218.0,134.0
304,208.0,49.0
404,112.0,154.0
87,181.0,389.0
277,98.0,30.0
44,93.0,469.0
314,213.0,175.0
498,43.0,438.0
382,377.0,212.0
101,8.0,284.0
303,306.0,485.0
60,270.0,496.0
325,354.0,383.0
64,191.0,428.0
31,124.0,220.0
274,509.0,797.0
137,989.0,975.0
205,958.0,681.0
431,599.0,967.0
395,568.0,962.0
151,719.0,600.0
347,614.0,898.0
320,500.0,824.0
384,869.0,822.0
276,930.0,590.0
358,692.0,694.0
350,733.0,739.0
0,886.0,661.0
339,722.0,651.0
24,965.0,540.0
23,532.0,952.0
21,528.0,743.0
373,700.0,934.0
51,983.0,518.0
19,627.0,543.0
388,852.0,964.0
324,625.0,547.0
197,787.0,562.0
268,909.0,924.0
473,780.0,650.0
117,986.0,792.0
172,662.0,848.0
82,754.0,702.0
198,744.0,588.0
253,637.0,950.0
237,567.0,546.0
307,980.0,979.0
145,882.0,921.0
318,907.0,653.0
229,623.0,804.0
330,837.0,799.0
68,522.0,581.0
439,723.0,724.0
183,825.0,959.0
148,557.0,626.0
480,782.0,674.0
451,977.0,572.0
435,609.0,880.0
109,933.0,816.0
315,680.0,597.0
46,663.0,823.0
352,826.0,706.0
194,966.0,920.0
113,963.0,997.0
464,758.0,687.0
468,508.0,585.0
445,931.0,851.0
458,876.0,752.0
331,885.0,802.0
210,502.0,531.0
155,618.0,501.0
443,644.0,761.0
340,843.0,737.0
126,587.0,715.0
321,864.0,553.0
55,640.0,628.0
57,717.0,817.0
407,606.0,796.0
173,559.0,955.0
288,919.0,859.0
243,803.0,954.0
131,914.0,582.0
252,832.0,727.0
167,753.0,535.0
394,675.0,838.0
444,928.0,895.0
123,654.0,974.0
343,578.0,665.0
454,751.0,711.0
316,729.0,774.0
361,1128.0,1414.0
9,1001.0,1069.0
269,1495.0,1306.0
163,1054.0,1157.0
2,1150.0,1124.0
14,1132.0,1272.0
147,1066.0,1270.0
135,1056.0,1465.0
295,1494.0,1029.0
472,1155.0,1439.0
405,1410.0,1296.0
150,1370.0,1158.0
397,1007.0,1297.0
368,1284.0,1490.0
487,1002.0,1086.0
421,1008.0,1453.0
372,1419.0,1194.0
327,1364.0,1152.0
266,1269.0,1118.0
285,1081.0,1440.0
357,1024.0,1266.0
264,1233.0,1249.0
58,1112.0,1325.0
202,1369.0,1337.0
301,1211.0,1234.0
449,1385.0,1043.0
412,1480.0,1478.0
262,1429.0,1076.0
338,1441.0,1304.0
460,1188.0,1028.0
182,1268.0,1138.0
289,1091.0,1215.0
128,1421.0,1338.0
362,1473.0,1009.0
80,1463.0,1425.0
138,1163.0,1238.0
497,1080.0,1037.0
467,1468.0,1136.0
415,1457.0,1332.0
39,1036.0,1365.0
471,1445.0,1022.0
323,1153.0,1366.0
250,1483.0,1067.0
129,1055.0,1444.0
492,1135.0,1147.0
367,1201.0,1396.0
442,1318.0,1172.0
230,1084.0,1292.0
466,1438.0,1384.0
72,1164.0,1014.0
341,1141.0,1388.0
310,1058.0,1308.0
169,1079.0,1047.0
100,1167.0,1330.0
153,1034.0,1430.0
184,1301.0,1053.0
226,1063.0,1361.0
387,1218.0,1264.0
410,1245.0,1045.0
255,1487.0,1356.0
165,1475.0,1464.0
114,1489.0,1169.0
141,1204.0,1175.0
256,1422.0,1324.0
69,1433.0,1104.0
398,1492.0,1354.0
188,1168.0,1242.0
476,1041.0,1236.0
110,1467.0,1239.0
379,1259.0,1093.0
120,1428.0,1374.0
231,1470.0,1088.0
79,1139.0,1351.0
248,1254.0,1206.0
17,1046.0,1178.0
247,1759.0,1716.0
356,1709.0,1619.0
246,1968.0,1877.0
91,1659.0,1938.0
158,1621.0,1644.0
95,1907.0,1596.0
216,1641.0,1630.0
25,1600.0,1923.0
403,1904.0,1795.0
89,1583.0,1814.0
83,1651.0,1768.0
161,1908.0,1930.0
461,1571.0,1896.0
102,1561.0,1633.0
244,1615.0,1703.0
263,1906.0,1597.0
6,1682.0,1789.0
326,1905.0,1952.0
99,1517.0,1505.0
185,1507.0,1897.0
436,1662.0,1812.0
457,1695.0,1780.0
199,1526.0,1744.0
478,1825.0,1542.0
203,1553.0,1502.0
234,1944.0,1958.0
3,1933.0,1890.0
463,1966.0,1531.0
119,1591.0,1529.0
348,1969.0,1699.0
45,1787.0,1786.0
238,1680.0,1518.0
108,1515.0,1917.0
294,1822.0,1947.0
223,1849.0,1697.0
455,1755.0,1819.0
313,1840.0,1632.0
400,1508.0,1694.0
96,1977.0,1891.0
222,1728.0,1598.0
422,1957.0,1510.0
380,1637.0,1727.0
116,1587.0,1827.0
409,1631.0,1745.0
499,1643.0,1589.0
118,1525.0,1850.0
312,1988.0,1790.0
200,1754.0,1660.0
429,1836.0,1595.0
393,1711.0,1955.0
392,1541.0,1962.0
450,1503.0,1940.0
329,1792.0,1989.0
105,1528.0,1522.0
365,1764.0,1500.0
156,1671.0,1804.0
235,1872.0,1964.0
77,1618.0,1713.0
336,1740.0,1535.0
484,1704.0,1767.0
364,1648.0,1766.0
86,1532.0,1675.0
10,1960.0,1658.0
22,1950.0,1606.0
193,1857.0,1607.0
16,1832.0,1576.0
423,1557.0,1943.0
225,1735.0,1575.0
401,1984.0,1855.0
13,1672.0,1536.0
177,1681.0,1653.0
298,1647.0,1936.0
26,1523.0,1798.0
84,1866.0,1951.0
232,1723.0,1572.0
493,,
440,,
62,,
462,,
349,,
5,,
241,,
456,,
308,,
448,,
179,,
459,,
297,,
227,,
419,,
261,,
73,,
344,,
228,,
157,,
12,,
35,,
32,,
41,,
491,,
319,,
366,,
376,,
52,,
59,,
115,,
85,,
78,,
416,,
418,,
249,,
281,,
489,,
140,,
81,,
122,,
260,,
275,,
190,,
359,,
160,,
92,,
287,,
453,,
286,,
866,,
891,,
789,,
805,,
994,,
871,,
812,,
507,,
798,,
904,,
591,,
690,,
513,,
714,,
850,,
849,,
548,,
657,,
948,,
668,,
809,,
740,,
539,,
995,,
697,,
533,,
870,,
682,,
991,,
673,,
658,,
794,,
759,,
978,,
561,,
946,,
545,,
791,,
635,,
968,,
988,,
726,,
641,,
863,,
785,,
970,,
811,,
738,,
647,,
659,,
996,,
827,,
544,,
713,,
945,,
710,,
868,,
705,,
629,,
820,,
748,,
755,,
707,,
903,,
938,,
819,,
972,,
520,,
788,,
519,,
685,,
709,,
906,,
607,,
593,,
981,,
896,,
993,,
940,,
839,,
730,,
888,,
973,,
808,,
503,,
652,,
735,,
923,,
836,,
676,,
701,,
929,,
846,,
957,,
775,,
889,,
638,,
570,,
691,,
935,,
756,,
555,,
845,,
671,,
879,,
558,,
720,,
631,,
795,,
530,,
874,,
596,,
984,,
998,,
953,,
633,,
944,,
632,,
684,,
878,,
580,,
612,,
927,,
664,,
515,,
718,,
731,,
894,,
506,,
634,,
857,,
646,,
636,,
960,,
716,,
815,,
932,,
511,,
918,,
683,,
699,,
818,,
583,,
951,,
610,,
516,,
525,,
660,,
639,,
892,,
777,,
770,,
937,,
773,,
605,,
601,,
893,,
844,,
875,,
764,,
936,,
926,,
956,,
769,,
656,,
622,,
666,,
829,,
949,,
549,,
762,,
881,,
529,,
790,,
840,,
712,,
835,,
976,,
542,,
524,,
902,,
854,,
760,,
703,,
566,,
686,,
985,,
862,,
696,,
563,,
925,,
900,,
667,,
821,,
521,,
781,,
552,,
564,,
571,,
768,,
648,,
620,,
912,,
624,,
630,,
800,,
643,,
883,,
742,,
608,,
757,,
708,,
917,,
911,,
541,,
569,,
922,,
806,,
987,,
767,,
901,,
999,,
704,,
763,,
517,,
766,,
990,,
688,,
842,,
776,,
592,,
512,,
527,,
514,,
772,,
649,,
575,,
556,,
793,,
915,,
728,,
853,,
872,,
801,,
589,,
865,,
890,,
778,,
747,,
613,,
860,,
550,,
693,,
841,,
813,,
536,,
942,,
689,,
595,,
771,,
573,,
672,,
779,,
807,,
554,,
786,,
749,,
939,,
604,,
899,,
538,,
908,,
611,,
784,,
741,,
584,,
642,,
586,,
861,,
750,,
905,,
834,,
619,,
982,,
897,,
655,,
617,,
831,,
574,,
971,,
736,,
941,,
873,,
884,,
732,,
856,,
551,,
833,,
537,,
910,,
830,,
534,,
746,,
961,,
602,,
560,,
526,,
867,,
765,,
577,,
579,,
670,,
677,,
783,,
576,,
887,,
943,,
523,,
679,,
698,,
810,,
916,,
969,,
615,,
877,,
745,,
725,,
828,,
594,,
913,,
678,,
645,,
598,,
947,,
855,,
504,,
695,,
847,,
669,,
621,,
505,,
721,,
858,,
616,,
565,,
603,,
510,,
814,,
734,,
992,,
1322,,
1371,,
1373,,
1096,,
1497,,
1230,,
1372,,
1089,,
1059,,
1320,,
1496,,
1319,,
1416,,
1210,,
1159,,
1342,,
1486,,
1491,,
1387,,
1346,,
1117,,
1220,,
1383,,
1223,,
1426,,
1305,,
1237,,
1020,,
1451,,
1140,,
1209,,
1031,,
1187,,
1191,,
1343,,
1392,,
1287,,
1039,,
1064,,
1232,,
1127,,
1327,,
1353,,
1123,,
1019,,
1216,,
1222,,
1454,,
1437,,
1115,,
1252,,
1290,,
1363,,
1400,,
1395,,
1013,,
1471,,
1062,,
1174,,
1298,,
1103,,
1307,,
1402,,
1349,,
1455,,
1427,,
1295,,
1004,,
1418,,
1023,,
1145,,
1171,,
1472,,
1432,,
1448,,
1333,,
1362,,
1219,,
1452,,
1335,,
1311,,
1160,,
1189,,
1449,,
1193,,
1274,,
1413,,
1149,,
1225,,
1355,,
1367,,
1256,,
1316,,
1443,,
1202,,
1326,,
1310,,
1498,,
1462,,
1278,,
1098,,
1184,,
1261,,
1051,,
1092,,
1404,,
1260,,
1283,,
1212,,
1345,,
1257,,
1203,,
1111,,
1102,,
1173,,
1246,,
1114,,
1078,,
1077,,
1027,,
1253,,
1479,,
1420,,
1376,,
1082,,
1314,,
1094,,
1251,,
1461,,
1460,,
1446,,
1049,,
1235,,
1484,,
1328,,
1073,,
1358,,
1125,,
1350,,
1228,,
1192,,
1240,,
1050,,
1061,,
1121,,
1026,,
1224,,
1375,,
1466,,
1415,,
1386,,
1186,,
1321,,
1481,,
1100,,
1262,,
1181,,
1142,,
1231,,
1196,,
1129,,
1229,,
1378,,
1176,,
1390,,
1348,,
1110,,
1106,,
1000,,
1408,,
1341,,
1407,,
1180,,
1493,,
1068,,
1048,,
1334,,
1030,,
1207,,
1303,,
1226,,
1099,,
1293,,
1052,,
1113,,
1394,,
1273,,
1317,,
1011,,
1143,,
1016,,
1403,,
1183,,
1360,,
1423,,
1469,,
1015,,
1397,,
1208,,
1329,,
1309,,
1302,,
1275,,
1044,,
1108,,
1436,,
1368,,
1417,,
1170,,
1156,,
1151,,
1227,,
1377,,
1213,,
1040,,
1021,,
1148,,
1070,,
1435,,
1035,,
1060,,
1154,,
1071,,
1195,,
1300,,
1221,,
1243,,
1018,,
1391,,
1241,,
1285,,
1185,,
1122,,
1109,,
1389,,
1431,,
1485,,
1482,,
1477,,
1200,,
1291,,
1119,,
1126,,
1074,,
1357,,
1279,,
1347,,
1107,,
1120,,
1025,,
1288,,
1065,,
1033,,
1382,,
1244,,
1005,,
1131,,
1398,,
1166,,
1006,,
1379,,
1003,,
1038,,
1255,,
1263,,
1199,,
1323,,
1247,,
1090,,
1381,,
1144,,
1075,,
1476,,
1488,,
1344,,
1289,,
1161,,
1130,,
1134,,
1450,,
1265,,
1459,,
1250,,
1165,,
1434,,
1299,,
1190,,
1182,,
1101,,
1294,,
1198,,
1116,,
1133,,
1177,,
1012,,
1359,,
1401,,
1336,,
1412,,
1146,,
1315,,
1087,,
1339,,
1095,,
1447,,
1010,,
1286,,
1393,,
1205,,
1406,,
1097,,
1281,,
1179,,
1280,,
1405,,
1214,,
1162,,
1017,,
1197,,
1331,,
1282,,
1380,,
1474,,
1267,,
1271,,
1340,,
1424,,
1411,,
1248,,
1137,,
1399,,
1057,,
1083,,
1499,,
1105,,
1313,,
1456,,
1085,,
1072,,
1258,,
1217,,
1442,,
1458,,
1277,,
1352,,
1312,,
1042,,
1276,,
1032,,
1409,,
1902,,
1953,,
1578,,
1521,,
1949,,
1742,,
1976,,
1692,,
1971,,
1590,,
1725,,
1552,,
1875,,
1504,,
1965,,
1959,,
1763,,
1569,,
1865,,
1724,,
1992,,
1594,,
1851,,
1811,,
1605,,
1772,,
1916,,
1514,,
1799,,
1881,,
1998,,
1657,,
1609,,
1922,,
1608,,
1941,,
1602,,
1932,,
1813,,
1929,,
1831,,
1797,,
1845,,
1584,,
1837,,
1714,,
1737,,
1652,,
1900,,
1885,,
1846,,
1758,,
1636,,
1588,,
1715,,
1570,,
1995,,
1810,,
1573,,
1722,,
1689,,
1642,,
1935,,
1676,,
1784,,
1852,,
1848,,
1785,,
1948,,
1883,,
1876,,
1746,,
1551,,
1556,,
1684,,
1801,,
1771,,
1854,,
1524,,
1668,,
1688,,
1661,,
1741,,
1924,,
1927,,
1802,,
1574,,
1546,,
1665,,
1756,,
1842,,
1686,,
1760,,
1563,,
1853,,
1912,,
1729,,
1991,,
1775,,
1824,,
1673,,
1839,,
1888,,
1778,,
1921,,
1765,,
1698,,
1599,,
1843,,
1649,,
1614,,
1939,,
1650,,
1847,,
1601,,
1734,,
1564,,
1882,,
1805,,
1762,,
1513,,
1640,,
1520,,
1512,,
1751,,
1926,,
1856,,
1918,,
1654,,
1567,,
1691,,
1963,,
1544,,
1954,,
1844,,
1913,,
1645,,
1527,,
1616,,
1719,,
1816,,
1666,,
1700,,
1782,,
1777,,
1919,,
1975,,
1997,,
1611,,
1540,,
1538,,
1821,,
1779,,
1656,,
1861,,
1893,,
1862,,
1835,,
1701,,
1537,,
1622,,
1983,,
1894,,
1870,,
1565,,
1942,,
1543,,
1550,,
1539,,
1679,,
1706,,
1549,,
1823,,
1712,,
1829,,
1901,,
1624,,
1996,,
1871,,
1879,,
1999,,
1717,,
1796,,
1548,,
1925,,
1869,,
1720,,
1838,,
1937,,
1696,,
1635,,
1731,,
1683,,
1670,,
1781,,
1612,,
1833,,
1887,,
1928,,
1774,,
1604,,
1868,,
1867,,
1586,,
1899,,
1687,,
1974,,
1516,,
1674,,
1859,,
1750,,
1987,,
1705,,
1730,,
1603,,
1776,,
1506,,
1581,,
1721,,
1909,,
1920,,
1562,,
1617,,
1884,,
1982,,
1628,,
1708,,
1880,,
1559,,
1749,,
1803,,
1863,,
1892,,
1808,,
1663,,
1718,,
1961,,
1560,,
1646,,
1710,,
1945,,
1815,,
1753,,
1752,,
1707,,
1733,,
1791,,
1978,,
1669,,
1664,,
1558,,
1739,,
1931,,
1979,,
1626,,
1677,,
1761,,
1638,,
1934,,
1534,,
1690,,
1820,,
1743,,
1748,,
1625,,
1610,,
1972,,
1986,,
1530,,
1898,,
1770,,
1828,,
1914,,
1817,,
1519,,
1889,,
1874,,
1994,,
1592,,
1956,,
1747,,
1990,,
1993,,
1501,,
1973,,
1793,,
1738,,
1568,,
1593,,
1864,,
1911,,
1726,,
1794,,
1623,,
1547,,
1732,,
1903,,
1841,,
1736,,
1834,,
1946,,
1895,,
1788,,
1858,,
1980,,
1910,,
1773,,
1970,,
1873,,
1580,,
1533,,
1545,,
1577,,
1511,,
1806,,
1783,,
1769,,
1667,,
1757,,
1693,,
1582,,
1554,,
1702,,
1629,,
1878,,
1967,,
1639,,
1634,,
1579,,
1915,,
1886,,
1809,,
1627,,
1981,,
1830,,
1985,,
1655,,
1509,,
1678,,
1585,,
1800,,
1860,,
1818,,
1566,,
1826,,
1807,,
1555,,
1613,,
1685,,
1620,,
