Nodes,Model,PDR (%),Raw delivered-packet E2ED (ms),Loss-aware completion delay (ms),ROR,Scenarios
25,SVM,25.6,215.1054688125,7495.067000016,0.42876712328767125,5
25,DTC,16.1,197.1614908695652,8421.74300003,0.6804860614724804,5
25,RF,25.3,228.72332045454544,7527.867000075001,0.4958283671036949,5
25,Worst-OC baseline,13.4,219.72388079850745,8689.443000027,0.6947674418604651,5
50,SVM,72.0,320.8805555611111,3031.034000004,0.1563269876819709,5
50,DTC,61.3,325.72104422512234,4069.66700011,0.21203299369238235,5
50,RF,58.1,318.5163510826162,4375.057999979,0.23987854251012145,5
50,Worst-OC baseline,53.8,330.2806692026022,4797.691000031,0.2766658221434001,5
75,SVM,90.9,258.5830580781078,1145.051999793,0.16213747430920303,5
75,DTC,86.7,258.42099171049597,1554.0509998129999,0.1817332398972203,5
75,RF,88.8,255.5382882364865,1346.9179999540002,0.1743161798794622,5
75,Worst-OC baseline,72.6,260.64049574517907,2929.224999911,0.26442062276671774,5
100,SVM,89.6,238.41071431026785,1253.616000022,0.18361375274323335,5
100,DTC,83.7,244.74551981481483,1834.8520000849999,0.21410767696909272,5
100,RF,84.3,237.44958485409254,1770.170000032,0.20593412119688206,5
100,Worst-OC baseline,65.1,247.7987710583717,3651.316999959,0.3163265306122449,5
