scenario_id,selected_oc,scenario_seed,node_count,x,y,local_density,speed,topology_hash,acoustic_state_hash,route_hash,generated_packets,delivered_packets,PDR,E2ED_ms,mean_source_destination_distance_m,connected_flow_pair_ratio,mean_static_shortest_hops,mean_static_shortest_path_length_m,mean_static_feasible_relay_candidates,mean_delivered_path_length_m,mean_delivered_hop_count,mean_delivered_relay_candidate_count,mean_delivered_relay_wait_ms,ROR_total,ROR_generated,ROR_hello,ROR_reactive,hello_tx,neighbor_update_tx,raw_neighbor_update_burden,compressed_topology_updates,topology_digest_packets,mc_topology_digest_ack_packets,lc_topology_update_tx,mc_topology_update_tx,route_request_tx,route_reply_tx,mc_control_tx,gateway_control_tx,control_transmissions,data_hops,OC_data_hops,architecture_violations,controller_requests,installed_route_hits,lc_cache_hits,lc_cache_misses,oc_route_computations,oc_route_successes,oc_route_failures,oc_cache_hits,oc_cache_misses,mc_fallbacks,mc_route_computations,mc_route_successes,mc_route_failures,route_recoveries,recovery_successes,recovery_failures,link_invalidations,control_unreachable,no_physical_path,routing_failure_with_path,final_no_path_drops,failed_route_attempts,negative_cache_hits,pending_route_suppressions,route_discovery_buffered_retries,route_discovery_timeout_drops,Method,_delay
4,2,12000033,25,403.604193554,175,22,1.7465140603,59dbe5815e751a2b,8d15af1f9d36efa1,1ae7f5959995227d,200,116,58.0,291.137931,237.879139,0.600000,2.900000,375.486901,1.282143,370.807475,4.775862,1.249097,0.000000,0.160606,0.346405,0.000000,0.128931,0,176,176,24.000000,12,12,0,0,37,37,8,0,106.0,554,0,0,21,104,0,21,16,12,4,0,16,4,4,0,4,0,0,0,0,5,80,4,84,9,75,0,0,0,SVM,
18,2,12000047,25,434.922569758,175,11,2.59621734749,f0e4a8c06c8aa401,8d15af1f9d36efa1,9a9c0c00c57406af,200,40,20.0,88.55,281.968042,0.200000,0.200000,71.575578,2.500000,71.575578,1.000000,2.500000,0.000000,0.71831,0.337748,0.000000,0.661017,0,280,280,24.000000,12,12,0,0,31,31,16,4,102.0,40,0,0,17,36,0,17,12,4,8,0,12,8,8,0,8,0,0,0,0,5,160,0,160,13,147,0,0,0,SVM,
30,2,12000059,25,265.912315896,325,10,1.92211532699,1300486c1017bd5d,8d15af1f9d36efa1,9a7d7f00c55a1989,200,20,10.0,85.6,300.808824,0.100000,0.100000,77.299684,2.000000,77.299684,1.000000,2.000000,0.000000,0.92126,0.539171,0.000000,0.913043,0,296,296,24.000000,12,12,0,0,96,96,18,0,234.0,20,0,0,85,18,0,85,11,2,9,0,11,9,9,0,9,0,0,0,0,74,180,0,180,83,97,0,0,0,SVM,
40,2,12000069,25,208.96835862,325,15,2.11322485314,c6414402b882dcff,8d15af1f9d36efa1,9aa64f00c57ccd0d,200,20,10.0,112.75,228.703702,0.100000,0.100000,95.814995,1.000000,95.814995,1.000000,1.000000,0.000000,0.811321,0.300699,0.000000,0.756098,0,176,176,24.000000,12,12,0,0,22,22,18,0,86.0,20,0,0,11,18,0,11,11,2,9,0,11,9,9,0,9,0,0,0,0,0,180,0,180,9,171,0,0,0,SVM,
42,2,12000071,25,420.326810861,175,16,2.32854260873,25a86b49c5495509,8d15af1f9d36efa1,ff9deec04053ecb8,200,60,30.0,229.766667,234.471558,0.300000,1.000000,256.404066,1.783333,256.404066,3.333333,1.700000,0.000000,0.328859,0.328859,0.000000,0.270073,0,272,272,24.000000,12,12,0,0,26,26,22,0,98.0,200,0,0,13,54,0,13,13,2,11,0,13,11,11,4,7,0,0,0,0,0,140,0,140,7,133,0,0,0,SVM,
501,2,13000030,50,444.581722932,175,35,2.75806881893,3339c635531a8bfc,8d15af1f9d36efa1,87694ea2f1b73a1f,200,147,73.5,301.217687,246.089098,1.000000,4.300000,326.068980,3.234762,357.493973,4.768707,2.499287,0.000000,0.235551,0.519231,0.000000,0.215006,0,1120,1120,24.000000,12,12,0,0,89,89,14,16,216.0,701,0,0,67,133,0,67,14,7,7,0,14,7,7,7,0,0,0,0,0,53,0,53,53,53,0,0,0,0,SVM,
518,2,13000047,50,139.838678369,175,28,2.19026073955,f91298cdaa69b793,8d15af1f9d36efa1,463ddd6b8a79e045,200,180,90.0,419.205556,329.921388,0.900000,5.700000,505.659655,2.744750,532.066166,6.705556,2.485501,0.000000,0.09043,0.375000,0.000000,0.073676,0,944,944,24.000000,12,12,0,0,43,43,10,10,120.0,1207,0,0,19,162,0,19,19,14,5,0,19,5,5,4,1,0,0,0,0,0,20,0,20,1,19,0,0,0,SVM,
531,3,13000060,50,399.540776378,325,37,1.61367688472,e4e25cd71935e526,8d15af1f9d36efa1,bc3a7d2da3933089,200,94,47.0,184.755319,223.801773,0.500000,1.500000,216.648557,1.280000,214.077926,2.968085,1.415771,0.000000,0.27907,0.350649,0.000000,0.231405,0,984,984,24.000000,12,12,0,0,37,37,10,0,108.0,279,0,0,23,84,0,23,15,10,5,0,15,5,5,0,5,0,0,0,0,8,100,6,106,13,93,0,0,0,SVM,
535,3,13000064,50,290.295204891,175,25,2.43448315648,afeed29b44176547,8d15af1f9d36efa1,a4aa284fc9057115,200,119,59.5,428.428571,256.827922,0.700000,5.000000,588.613694,2.860714,573.114891,7.285714,2.549020,0.000000,0.137313,0.408284,0.000000,0.116208,0,1152,1152,24.000000,12,12,0,0,47,47,20,0,138.0,867,0,0,35,108,2,33,12,2,10,0,12,10,10,7,3,0,0,0,0,21,60,21,81,24,57,0,0,0,SVM,
540,2,13000069,50,113.597015244,325,43,1.6349304936,18f5a27146e43192,8d15af1f9d36efa1,b21c42b9f8735144,200,180,90.0,238.6,225.648625,0.900000,3.500000,262.935561,2.936508,273.034851,3.961111,2.645161,0.000000,0.139928,0.367089,0.000000,0.114286,0,1040,1040,24.000000,12,12,0,0,39,39,14,2,116.0,713,0,0,19,162,0,19,19,12,7,0,19,7,7,6,1,0,0,0,0,0,20,0,20,1,19,0,0,0,SVM,
1009,2,14000038,75,68.7996089623,175,65,1.53715161708,1b8f3613ce5cc5f5,8d15af1f9d36efa1,9a7a3500c55765f4,200,200,100.0,242.01,238.704236,1.000000,3.500000,281.030315,3.740000,280.538886,3.500000,3.322857,0.000000,0.135802,0.354839,0.000000,0.109415,0,2192,2192,24.000000,12,12,0,0,41,41,4,2,110.0,700,0,0,20,180,0,20,20,18,2,0,20,2,2,2,0,0,0,0,0,0,0,0,0,0,0,0,0,0,SVM,
1014,0,14000043,75,326.966031443,75,43,1.56541880582,2b98b076d2300ba5,8d15af1f9d36efa1,e19d1f0228933a4c,200,125,62.5,228.472,194.267398,1.000000,2.900000,231.608436,3.448333,257.165504,3.400000,3.927059,0.000000,0.35994,0.544419,0.000000,0.334898,0,2432,2432,25.000000,13,12,0,0,106,106,2,10,239.0,425,0,0,88,112,0,88,13,12,1,0,13,1,1,1,0,0,0,0,0,75,0,75,75,75,0,0,0,0,SVM,
1022,1,14000051,75,321.99008031,175,53,1.69786682573,4a2da881a2fc7705,8d15af1f9d36efa1,9a628b00c5436635,200,199,99.5,310.934673,303.016539,1.000000,4.900000,389.137698,3.309048,394.165785,4.904523,3.696721,0.000000,0.097967,0.346405,0.000000,0.077505,0,2352,2352,24.000000,12,12,0,0,41,41,0,0,106.0,976,0,0,21,179,0,21,20,20,0,0,20,0,0,0,0,0,0,0,0,1,0,1,1,1,0,0,0,0,SVM,
1028,0,14000057,75,270.633827136,325,28,1.85084997243,3acb4ebedb1becc3,8d15af1f9d36efa1,e570858b2ac5a79f,200,193,96.5,268.88601,271.878740,1.000000,4.400000,345.254612,4.115476,330.136066,4.430052,3.955556,0.000000,0.125767,0.380805,0.000000,0.102833,0,2592,2592,25.000000,13,12,0,0,47,47,4,0,123.0,855,0,0,27,173,0,27,20,18,2,0,20,2,2,2,0,0,0,0,0,7,0,7,7,7,0,0,0,0,SVM,
1029,0,14000058,75,59.8546784808,325,60,1.51772093542,16b8bf50076f3712,8d15af1f9d36efa1,9b388a00c5f91f6b,200,192,96.0,230.833333,232.341712,1.000000,3.700000,272.812444,3.768095,270.602718,3.713542,3.366059,0.000000,0.156213,0.397590,0.000000,0.131547,0,2376,2376,24.000000,12,12,0,0,48,48,12,0,132.0,713,0,0,28,172,0,28,20,14,6,0,20,6,6,6,0,0,0,0,0,8,0,8,8,8,0,0,0,0,SVM,
1500,3,15000029,100,455.091751075,325,86,1.70214309117,261384c55508c7c5,8d15af1f9d36efa1,24908e8b3d08178b,200,161,80.5,285.074534,291.922363,1.000000,4.300000,341.870448,4.885000,346.432043,4.608696,4.726415,0.000000,0.197838,0.477807,0.000000,0.173719,0,4328,4328,27.000000,15,12,0,0,73,73,10,0,183.0,742,0,0,56,144,0,56,17,12,5,0,17,5,5,5,0,0,0,0,0,39,0,39,39,39,0,0,0,0,SVM,
1502,0,15000031,100,338.057303075,425,54,2.0318970814,70425a7a235e6eca,8d15af1f9d36efa1,3624ccff5e03929e,200,186,93.0,230.451613,242.848994,1.000000,3.400000,273.404557,5.051667,269.039108,3.440860,4.515625,0.000000,0.181586,0.415205,0.000000,0.151194,0,4128,4128,28.000000,16,12,0,0,53,53,8,2,142.0,640,0,0,33,167,0,33,19,15,4,0,19,4,4,4,0,0,0,0,0,14,0,14,14,14,0,0,0,0,SVM,
1505,1,15000034,100,197.029928766,75,59,1.74210295122,10c695397e2432e9,8d15af1f9d36efa1,92cccf8511e30408,200,152,76.0,260.118421,267.427653,1.000000,4.100000,316.551144,4.805000,305.369946,4.046053,4.360976,0.000000,0.249084,0.504950,0.000000,0.222503,0,4312,4312,28.000000,16,12,0,0,86,86,4,16,204.0,615,0,0,63,137,0,63,15,13,2,0,15,2,2,2,0,0,0,0,0,48,0,48,48,48,0,0,0,0,SVM,
1510,3,15000039,100,89.3496068916,325,74,2.06432341008,ae8239fc35a4f554,8d15af1f9d36efa1,d9922657846eb1b5,200,197,98.5,222.350254,241.597219,1.000000,3.600000,282.747344,4.296667,269.110494,3.578680,4.221277,0.000000,0.142336,0.369085,0.000000,0.113208,0,3840,3840,27.000000,15,12,0,0,43,43,4,0,117.0,705,0,0,23,177,0,23,20,18,2,0,20,2,2,2,0,0,0,0,0,3,0,3,3,3,0,0,0,0,SVM,
1518,1,15000047,100,229.190985268,325,63,1.72861518671,12f7dcbdff38c69b,8d15af1f9d36efa1,96940d5051dde053,200,200,100.0,207.57,210.911600,1.000000,3.000000,250.995345,4.970000,247.846191,3.230000,4.249226,0.000000,0.142098,0.348534,0.000000,0.110193,0,4024,4024,27.000000,15,12,0,0,40,40,0,0,107.0,646,0,0,20,180,0,20,20,20,0,0,20,0,0,0,0,0,0,0,0,0,0,0,0,0,0,0,0,0,SVM,
4,1,12000033,25,493.452902689,75,17,2.17458579359,59dbe5815e751a2b,8d15af1f9d36efa1,926964ec5623aad3,200,84,42.0,278.464286,237.879139,0.600000,2.900000,375.486901,1.282143,340.379114,4.404762,1.264865,0.000000,0.327273,0.473684,0.000000,0.296578,0,176,176,24.000000,12,12,0,0,71,71,14,0,180.0,370,0,0,58,75,0,58,13,6,7,0,13,7,7,3,4,0,0,0,0,45,80,36,116,49,67,0,0,0,DTC,
18,1,12000047,25,46.2987660156,75,14,2.01933355506,f0e4a8c06c8aa401,8d15af1f9d36efa1,9a98b000c5713484,200,17,8.5,145.294118,281.968042,0.200000,0.200000,71.575578,2.500000,70.100254,1.000000,2.470588,0.000000,0.92887,0.526066,0.000000,0.920930,0,280,280,24.000000,12,12,0,0,89,89,20,0,222.0,17,0,0,79,15,0,79,10,0,10,0,10,10,10,2,8,0,0,0,0,69,160,23,183,77,106,0,0,0,DTC,
30,2,12000059,25,265.912315896,325,10,1.92211532699,1300486c1017bd5d,8d15af1f9d36efa1,9a7d7f00c55a1989,200,20,10.0,85.6,300.808824,0.100000,0.100000,77.299684,2.000000,77.299684,1.000000,2.000000,0.000000,0.92126,0.539171,0.000000,0.913043,0,296,296,24.000000,12,12,0,0,96,96,18,0,234.0,20,0,0,85,18,0,85,11,2,9,0,11,9,9,0,9,0,0,0,0,74,180,0,180,83,97,0,0,0,DTC,
40,2,12000069,25,208.96835862,325,15,2.11322485314,c6414402b882dcff,8d15af1f9d36efa1,9aa64f00c57ccd0d,200,20,10.0,112.75,228.703702,0.100000,0.100000,95.814995,1.000000,95.814995,1.000000,1.000000,0.000000,0.811321,0.300699,0.000000,0.756098,0,176,176,24.000000,12,12,0,0,22,22,18,0,86.0,20,0,0,11,18,0,11,11,2,9,0,11,9,9,0,9,0,0,0,0,0,180,0,180,9,171,0,0,0,DTC,
42,1,12000071,25,216.252510345,75,8,1.80503501436,25a86b49c5495509,8d15af1f9d36efa1,9a76bb00c55460cf,200,20,10.0,95.75,234.471558,0.300000,1.000000,256.404066,1.783333,73.418881,1.000000,2.000000,0.000000,0.92,0.534884,0.000000,0.911504,0,272,272,24.000000,12,12,0,0,98,98,10,0,230.0,20,0,0,91,18,0,91,7,2,5,0,7,5,5,0,5,0,0,0,0,84,140,40,180,89,91,0,0,0,DTC,
501,0,13000030,50,378.973449543,75,22,2.39443953122,3339c635531a8bfc,8d15af1f9d36efa1,9aa61d00c57c7817,200,83,41.5,318.60241,246.089098,1.000000,4.300000,326.068980,3.234762,381.260314,5.265060,2.171625,0.000000,0.410256,0.603175,0.000000,0.390516,0,1120,1120,24.000000,12,12,0,0,135,135,10,0,304.0,437,0,0,126,74,0,126,9,4,5,0,9,5,5,5,0,0,0,0,0,117,0,117,117,117,0,0,0,0,DTC,
518,2,13000047,50,139.838678369,175,28,2.19026073955,f91298cdaa69b793,8d15af1f9d36efa1,463ddd6b8a79e045,200,180,90.0,419.205556,329.921388,0.900000,5.700000,505.659655,2.744750,532.066166,6.705556,2.485501,0.000000,0.09043,0.375000,0.000000,0.073676,0,944,944,24.000000,12,12,0,0,43,43,10,10,120.0,1207,0,0,19,162,0,19,19,14,5,0,19,5,5,4,1,0,0,0,0,0,20,0,20,1,19,0,0,0,DTC,
531,2,13000060,50,334.09178647,75,29,1.71000806893,e4e25cd71935e526,8d15af1f9d36efa1,8fb8254f2c39e7da,200,80,40.0,204.0625,223.801773,0.500000,1.500000,216.648557,1.280000,219.087884,3.000000,1.500000,0.000000,0.358289,0.401198,0.000000,0.314286,0,984,984,24.000000,12,12,0,0,46,46,18,0,134.0,240,0,0,33,72,0,33,13,4,9,0,13,9,9,4,5,0,0,0,0,20,100,20,120,25,95,0,0,0,DTC,
535,0,13000064,50,209.170259533,75,23,2.04183877634,afeed29b44176547,8d15af1f9d36efa1,d2a13692944ac451,200,90,45.0,427.7,256.827922,0.700000,5.000000,588.613694,2.860714,570.797706,7.233333,2.566820,0.000000,0.235018,0.500000,0.000000,0.212817,0,1152,1152,24.000000,12,12,0,0,80,80,16,0,200.0,651,0,0,71,83,1,70,9,1,8,0,9,8,8,5,3,0,0,0,0,61,60,50,110,64,46,0,0,0,DTC,
540,2,13000069,50,113.597015244,325,43,1.6349304936,18f5a27146e43192,8d15af1f9d36efa1,b21c42b9f8735144,200,180,90.0,238.6,225.648625,0.900000,3.500000,262.935561,2.936508,273.034851,3.961111,2.645161,0.000000,0.139928,0.367089,0.000000,0.114286,0,1040,1040,24.000000,12,12,0,0,39,39,14,2,116.0,713,0,0,19,162,0,19,19,12,7,0,19,7,7,6,1,0,0,0,0,0,20,0,20,1,19,0,0,0,DTC,
1009,1,14000038,75,344.47031857,75,39,2.11183223565,1b8f3613ce5cc5f5,8d15af1f9d36efa1,11ce893d9179f361,200,158,79.0,236.71519,238.704236,1.000000,3.500000,281.030315,3.740000,273.118535,3.379747,3.247191,0.000000,0.25,0.470899,0.000000,0.223837,0,2192,2192,24.000000,12,12,0,0,74,74,6,0,178.0,534,0,0,58,142,0,58,16,13,3,0,16,3,3,3,0,0,0,0,0,42,0,42,42,42,0,0,0,0,DTC,
1014,0,14000043,75,326.966031443,75,43,1.56541880582,2b98b076d2300ba5,8d15af1f9d36efa1,e19d1f0228933a4c,200,125,62.5,228.472,194.267398,1.000000,2.900000,231.608436,3.448333,257.165504,3.400000,3.927059,0.000000,0.35994,0.544419,0.000000,0.334898,0,2432,2432,25.000000,13,12,0,0,106,106,2,10,239.0,425,0,0,88,112,0,88,13,12,1,0,13,1,1,1,0,0,0,0,0,75,0,75,75,75,0,0,0,0,DTC,
1022,1,14000051,75,321.99008031,175,53,1.69786682573,4a2da881a2fc7705,8d15af1f9d36efa1,9a628b00c5436635,200,199,99.5,310.934673,303.016539,1.000000,4.900000,389.137698,3.309048,394.165785,4.904523,3.696721,0.000000,0.097967,0.346405,0.000000,0.077505,0,2352,2352,24.000000,12,12,0,0,41,41,0,0,106.0,976,0,0,21,179,0,21,20,20,0,0,20,0,0,0,0,0,0,0,0,1,0,1,1,1,0,0,0,0,DTC,
1028,0,14000057,75,270.633827136,325,28,1.85084997243,3acb4ebedb1becc3,8d15af1f9d36efa1,e570858b2ac5a79f,200,193,96.5,268.88601,271.878740,1.000000,4.400000,345.254612,4.115476,330.136066,4.430052,3.955556,0.000000,0.125767,0.380805,0.000000,0.102833,0,2592,2592,25.000000,13,12,0,0,47,47,4,0,123.0,855,0,0,27,173,0,27,20,18,2,0,20,2,2,2,0,0,0,0,0,7,0,7,7,7,0,0,0,0,DTC,
1029,0,14000058,75,59.8546784808,325,60,1.51772093542,16b8bf50076f3712,8d15af1f9d36efa1,9b388a00c5f91f6b,200,192,96.0,230.833333,232.341712,1.000000,3.700000,272.812444,3.768095,270.602718,3.713542,3.366059,0.000000,0.156213,0.397590,0.000000,0.131547,0,2376,2376,24.000000,12,12,0,0,48,48,12,0,132.0,713,0,0,28,172,0,28,20,14,6,0,20,6,6,6,0,0,0,0,0,8,0,8,8,8,0,0,0,0,DTC,
1500,2,15000029,100,15.0493965,175,90,2.01939090637,261384c55508c7c5,8d15af1f9d36efa1,cb655991230713e6,200,152,76.0,285.907895,291.922363,1.000000,4.300000,341.870448,4.885000,337.239571,4.559211,4.513709,0.000000,0.216063,0.488491,0.000000,0.191365,0,4328,4328,27.000000,15,12,0,0,78,78,8,4,191.0,693,0,0,62,138,0,62,14,10,4,0,14,4,4,4,0,0,0,0,0,48,0,48,48,48,0,0,0,0,DTC,
1502,0,15000031,100,338.057303075,425,54,2.0318970814,70425a7a235e6eca,8d15af1f9d36efa1,3624ccff5e03929e,200,186,93.0,230.451613,242.848994,1.000000,3.400000,273.404557,5.051667,269.039108,3.440860,4.515625,0.000000,0.181586,0.415205,0.000000,0.151194,0,4128,4128,28.000000,16,12,0,0,53,53,8,2,142.0,640,0,0,33,167,0,33,19,15,4,0,19,4,4,4,0,0,0,0,0,14,0,14,14,14,0,0,0,0,DTC,
1505,0,15000034,100,461.633399867,325,83,2.14236497575,10c695397e2432e9,8d15af1f9d36efa1,92cccf8511e30408,200,194,97.0,258.458763,267.427653,1.000000,4.100000,316.551144,4.805000,306.426333,4.170103,4.488257,0.000000,0.139362,0.395770,0.000000,0.115847,0,4312,4312,25.000000,13,12,0,0,46,46,14,0,131.0,809,0,0,26,174,0,26,20,13,7,0,20,7,7,7,0,0,0,0,0,6,0,6,6,6,0,0,0,0,DTC,
1510,1,15000039,100,470.246168022,75,60,1.78921382219,ae8239fc35a4f554,8d15af1f9d36efa1,72ed3403dae5c2b5,200,105,52.5,255.952381,241.597219,1.000000,3.600000,282.747344,4.296667,253.966537,3.476190,4.219178,0.000000,0.441041,0.590164,0.000000,0.417863,0,3840,3840,26.000000,14,12,0,0,121,121,20,0,288.0,365,0,0,108,92,0,108,13,3,10,0,13,10,10,10,0,0,0,0,0,95,0,95,95,95,0,0,0,0,DTC,
1518,1,15000047,100,229.190985268,325,63,1.72861518671,12f7dcbdff38c69b,8d15af1f9d36efa1,96940d5051dde053,200,200,100.0,207.57,210.911600,1.000000,3.000000,250.995345,4.970000,247.846191,3.230000,4.249226,0.000000,0.142098,0.348534,0.000000,0.110193,0,4024,4024,27.000000,15,12,0,0,40,40,0,0,107.0,646,0,0,20,180,0,20,20,20,0,0,20,0,0,0,0,0,0,0,0,0,0,0,0,0,0,0,0,0,DTC,
4,0,12000033,25,277.222229032,425,8,1.75152279087,59dbe5815e751a2b,8d15af1f9d36efa1,3e7d1acd95f9a91d,200,113,56.5,325.309735,237.879139,0.600000,2.900000,375.486901,1.282143,388.277017,5.008850,1.234982,0.000000,0.177326,0.378882,0.000000,0.147590,0,176,176,24.000000,12,12,0,0,37,37,24,0,122.0,566,0,0,22,102,0,22,15,3,12,0,15,12,12,8,4,0,0,0,0,7,80,7,87,11,76,0,0,0,RF,
18,0,12000047,25,497.202649172,325,20,2.27369460899,f0e4a8c06c8aa401,8d15af1f9d36efa1,9a9c0c00c57406af,200,40,20.0,116.775,281.968042,0.200000,0.200000,71.575578,2.500000,71.575578,1.000000,2.500000,0.000000,0.791667,0.431818,0.000000,0.761905,0,280,280,24.000000,12,12,0,0,56,56,16,2,152.0,40,0,0,43,36,0,43,12,4,8,0,12,8,8,0,8,0,0,0,0,31,160,0,160,39,121,0,0,0,RF,
30,0,12000059,25,414.844937858,425,18,1.56495991857,1300486c1017bd5d,8d15af1f9d36efa1,9a7d7f00c55a1989,200,20,10.0,93.15,300.808824,0.100000,0.100000,77.299684,2.000000,77.299684,1.000000,2.000000,0.000000,0.923077,0.545455,0.000000,0.915254,0,296,296,24.000000,12,12,0,0,101,101,14,0,240.0,20,0,0,92,18,0,92,9,2,7,0,9,7,7,0,7,0,0,0,0,83,180,0,180,90,90,0,0,0,RF,
40,0,12000069,25,414.904538061,425,13,2.07589910853,c6414402b882dcff,8d15af1f9d36efa1,9aa64f00c57ccd0d,200,20,10.0,109.85,228.703702,0.100000,0.100000,95.814995,1.000000,95.814995,1.000000,1.000000,0.000000,0.919355,0.532710,0.000000,0.910714,0,176,176,24.000000,12,12,0,0,95,95,14,0,228.0,20,0,0,86,18,0,86,9,2,7,0,9,7,7,0,7,0,0,0,0,77,180,0,180,84,96,0,0,0,RF,
42,0,12000071,25,127.893763082,325,16,2.95574833077,25a86b49c5495509,8d15af1f9d36efa1,ff9deec04053ecb8,200,60,30.0,206.266667,234.471558,0.300000,1.000000,256.404066,1.783333,256.404066,3.333333,1.700000,0.000000,0.310345,0.310345,0.000000,0.248120,0,272,272,24.000000,12,12,0,0,26,26,14,0,90.0,200,0,0,13,54,0,13,13,6,7,0,13,7,7,0,7,0,0,0,0,0,140,0,140,7,133,0,0,0,RF,
501,0,13000030,50,378.973449543,75,22,2.39443953122,3339c635531a8bfc,8d15af1f9d36efa1,9aa61d00c57c7817,200,83,41.5,318.60241,246.089098,1.000000,4.300000,326.068980,3.234762,381.260314,5.265060,2.171625,0.000000,0.410256,0.603175,0.000000,0.390516,0,1120,1120,24.000000,12,12,0,0,135,135,10,0,304.0,437,0,0,126,74,0,126,9,4,5,0,9,5,5,5,0,0,0,0,0,117,0,117,117,117,0,0,0,0,RF,
518,0,13000047,50,463.272522845,75,28,2.86196324884,f91298cdaa69b793,8d15af1f9d36efa1,463ddd6b8a79e045,200,173,86.5,420.913295,329.921388,0.900000,5.700000,505.659655,2.744750,536.357638,6.728324,2.485395,0.000000,0.096273,0.382716,0.000000,0.079114,0,944,944,24.000000,12,12,0,0,43,43,14,0,124.0,1164,0,0,25,156,0,25,18,11,7,0,18,7,7,6,1,0,0,0,0,7,20,7,27,8,19,0,0,0,RF,
531,0,13000060,50,75.0450526335,175,36,2.75383407795,e4e25cd71935e526,8d15af1f9d36efa1,2ef4e4c0207d7655,200,97,48.5,190.309278,223.801773,0.500000,1.500000,216.648557,1.280000,212.321038,2.948454,1.391608,0.000000,0.277778,0.354839,0.000000,0.231183,0,984,984,24.000000,12,12,0,0,35,35,16,0,110.0,286,0,0,20,87,0,20,15,7,8,0,15,8,8,3,5,0,0,0,0,5,100,3,103,10,93,0,0,0,RF,
535,0,13000064,50,209.170259533,75,23,2.04183877634,afeed29b44176547,8d15af1f9d36efa1,d2a13692944ac451,200,90,45.0,427.7,256.827922,0.700000,5.000000,588.613694,2.860714,570.797706,7.233333,2.566820,0.000000,0.235018,0.500000,0.000000,0.212817,0,1152,1152,24.000000,12,12,0,0,80,80,16,0,200.0,651,0,0,71,83,1,70,9,1,8,0,9,8,8,5,3,0,0,0,0,61,60,50,110,64,46,0,0,0,RF,
540,0,13000069,50,216.923183047,425,21,2.09452962597,18f5a27146e43192,8d15af1f9d36efa1,b21c42b9f8735144,200,138,69.0,209.007246,225.648625,0.900000,3.500000,262.935561,2.936508,243.041447,3.376812,2.978541,0.000000,0.310651,0.512195,0.000000,0.285276,0,1040,1040,24.000000,12,12,0,0,92,92,2,4,210.0,466,0,0,76,124,0,76,14,13,1,0,14,1,1,1,0,0,0,0,0,62,20,42,62,62,0,0,0,0,RF,
1009,0,14000038,75,337.122741842,325,47,2.53107554236,1b8f3613ce5cc5f5,8d15af1f9d36efa1,9a7a3500c55765f4,200,200,100.0,234.265,238.704236,1.000000,3.500000,281.030315,3.740000,279.585822,3.500000,3.268571,0.000000,0.131514,0.346405,0.000000,0.104859,0,2192,2192,24.000000,12,12,0,0,40,40,2,0,106.0,700,0,0,20,180,0,20,20,19,1,0,20,1,1,1,0,0,0,0,0,0,0,0,0,0,0,0,0,0,RF,
1014,0,14000043,75,326.966031443,75,43,1.56541880582,2b98b076d2300ba5,8d15af1f9d36efa1,e19d1f0228933a4c,200,125,62.5,228.472,194.267398,1.000000,2.900000,231.608436,3.448333,257.165504,3.400000,3.927059,0.000000,0.35994,0.544419,0.000000,0.334898,0,2432,2432,25.000000,13,12,0,0,106,106,2,10,239.0,425,0,0,88,112,0,88,13,12,1,0,13,1,1,1,0,0,0,0,0,75,0,75,75,75,0,0,0,0,RF,
1022,0,14000051,75,497.510506565,325,58,2.94290992156,4a2da881a2fc7705,8d15af1f9d36efa1,5639fb064e9a043,200,178,89.0,310.623596,303.016539,1.000000,4.900000,389.137698,3.309048,382.659204,4.882022,3.337169,0.000000,0.148874,0.431818,0.000000,0.128385,0,2352,2352,24.000000,12,12,0,0,61,61,6,2,152.0,869,0,0,41,159,0,41,19,16,3,0,19,3,3,3,0,0,0,0,0,22,0,22,22,22,0,0,0,0,RF,
1028,0,14000057,75,270.633827136,325,28,1.85084997243,3acb4ebedb1becc3,8d15af1f9d36efa1,e570858b2ac5a79f,200,193,96.5,268.88601,271.878740,1.000000,4.400000,345.254612,4.115476,330.136066,4.430052,3.955556,0.000000,0.125767,0.380805,0.000000,0.102833,0,2592,2592,25.000000,13,12,0,0,47,47,4,0,123.0,855,0,0,27,173,0,27,20,18,2,0,20,2,2,2,0,0,0,0,0,7,0,7,7,7,0,0,0,0,RF,
1029,0,14000058,75,59.8546784808,325,60,1.51772093542,16b8bf50076f3712,8d15af1f9d36efa1,9b388a00c5f91f6b,200,192,96.0,230.833333,232.341712,1.000000,3.700000,272.812444,3.768095,270.602718,3.713542,3.366059,0.000000,0.156213,0.397590,0.000000,0.131547,0,2376,2376,24.000000,12,12,0,0,48,48,12,0,132.0,713,0,0,28,172,0,28,20,14,6,0,20,6,6,6,0,0,0,0,0,8,0,8,8,8,0,0,0,0,RF,
1500,0,15000029,100,402.565764294,425,64,1.92862843395,261384c55508c7c5,8d15af1f9d36efa1,7c8d5150431d105c,200,131,65.5,277.900763,291.922363,1.000000,4.300000,341.870448,4.885000,345.024221,4.664122,4.733224,0.000000,0.266507,0.526066,0.000000,0.242875,0,4328,4328,26.000000,14,12,0,0,93,93,10,0,222.0,611,0,0,81,119,0,81,12,7,5,0,12,5,5,5,0,0,0,0,0,69,0,69,69,69,0,0,0,0,RF,
1502,0,15000031,100,338.057303075,425,54,2.0318970814,70425a7a235e6eca,8d15af1f9d36efa1,3624ccff5e03929e,200,186,93.0,230.451613,242.848994,1.000000,3.400000,273.404557,5.051667,269.039108,3.440860,4.515625,0.000000,0.181586,0.415205,0.000000,0.151194,0,4128,4128,28.000000,16,12,0,0,53,53,8,2,142.0,640,0,0,33,167,0,33,19,15,4,0,19,4,4,4,0,0,0,0,0,14,0,14,14,14,0,0,0,0,RF,
1505,0,15000034,100,461.633399867,325,83,2.14236497575,10c695397e2432e9,8d15af1f9d36efa1,92cccf8511e30408,200,194,97.0,258.458763,267.427653,1.000000,4.100000,316.551144,4.805000,306.426333,4.170103,4.488257,0.000000,0.139362,0.395770,0.000000,0.115847,0,4312,4312,25.000000,13,12,0,0,46,46,14,0,131.0,809,0,0,26,174,0,26,20,13,7,0,20,7,7,7,0,0,0,0,0,6,0,6,6,6,0,0,0,0,RF,
1510,0,15000039,100,37.9752126784,175,78,2.34262750339,ae8239fc35a4f554,8d15af1f9d36efa1,724537801f1876cc,200,185,92.5,220.275676,241.597219,1.000000,3.600000,282.747344,4.296667,262.927550,3.518919,4.215054,0.000000,0.169643,0.399399,0.000000,0.140026,0,3840,3840,27.000000,15,12,0,0,51,51,4,0,133.0,651,0,0,33,167,0,33,18,16,2,0,18,2,2,2,0,0,0,0,0,15,0,15,15,15,0,0,0,0,RF,
1518,0,15000047,100,360.953820678,75,47,2.28882696867,12f7dcbdff38c69b,8d15af1f9d36efa1,96940d5051dde053,200,147,73.5,204.142857,210.911600,1.000000,3.000000,250.995345,4.970000,233.732657,3.040816,4.331096,0.000000,0.299373,0.488491,0.000000,0.268412,0,4024,4024,27.000000,15,12,0,0,79,79,6,0,191.0,447,0,0,66,134,0,66,13,10,3,0,13,3,3,3,0,0,0,0,0,53,0,53,53,53,0,0,0,0,RF,
4,1,12000033,25,493.452902689,75,17,2.17458579359,59dbe5815e751a2b,8d15af1f9d36efa1,926964ec5623aad3,200,84,42.0,278.464286,237.879139,0.600000,2.900000,375.486901,1.282143,340.379114,4.404762,1.264865,0.000000,0.327273,0.473684,0.000000,0.296578,0,176,176,24.000000,12,12,0,0,71,71,14,0,180.0,370,0,0,58,75,0,58,13,6,7,0,13,7,7,3,4,0,0,0,0,45,80,36,116,49,67,0,0,0,Worst-OC baseline,278.464286
18,1,12000047,25,46.2987660156,75,14,2.01933355506,f0e4a8c06c8aa401,8d15af1f9d36efa1,9a98b000c5713484,200,17,8.5,145.294118,281.968042,0.200000,0.200000,71.575578,2.500000,70.100254,1.000000,2.470588,0.000000,0.92887,0.526066,0.000000,0.920930,0,280,280,24.000000,12,12,0,0,89,89,20,0,222.0,17,0,0,79,15,0,79,10,0,10,0,10,10,10,2,8,0,0,0,0,69,160,23,183,77,106,0,0,0,Worst-OC baseline,145.294118
30,1,12000059,25,50.7343998235,75,14,2.5416925262,1300486c1017bd5d,8d15af1f9d36efa1,0,200,0,0.0,,300.808824,0.100000,0.100000,77.299684,2.000000,NA,NA,NA,NA,1.0,0.514563,0.000000,1.000000,0,296,296,24.000000,12,12,0,0,86,86,16,2,212.0,0,0,0,77,0,0,77,8,0,8,0,8,8,8,0,8,0,0,0,0,69,180,20,200,77,123,0,0,0,Worst-OC baseline,inf
40,3,12000069,25,306.191016478,75,12,2.40532422832,c6414402b882dcff,8d15af1f9d36efa1,9aa64f00c57ccd0d,200,13,6.5,128.230769,228.703702,0.100000,0.100000,95.814995,1.000000,95.814995,1.000000,1.000000,0.000000,0.896,0.358974,0.000000,0.871287,0,176,176,24.000000,12,12,0,0,34,34,20,0,112.0,13,0,0,24,12,0,24,10,0,10,0,10,10,10,1,9,0,0,0,0,14,180,7,187,23,164,0,0,0,Worst-OC baseline,128.230769
42,1,12000071,25,216.252510345,75,8,1.80503501436,25a86b49c5495509,8d15af1f9d36efa1,9a76bb00c55460cf,200,20,10.0,95.75,234.471558,0.300000,1.000000,256.404066,1.783333,73.418881,1.000000,2.000000,0.000000,0.92,0.534884,0.000000,0.911504,0,272,272,24.000000,12,12,0,0,98,98,10,0,230.0,20,0,0,91,18,0,91,7,2,5,0,7,5,5,0,5,0,0,0,0,84,140,40,180,89,91,0,0,0,Worst-OC baseline,95.75
501,0,13000030,50,378.973449543,75,22,2.39443953122,3339c635531a8bfc,8d15af1f9d36efa1,9aa61d00c57c7817,200,83,41.5,318.60241,246.089098,1.000000,4.300000,326.068980,3.234762,381.260314,5.265060,2.171625,0.000000,0.410256,0.603175,0.000000,0.390516,0,1120,1120,24.000000,12,12,0,0,135,135,10,0,304.0,437,0,0,126,74,0,126,9,4,5,0,9,5,5,5,0,0,0,0,0,117,0,117,117,117,0,0,0,0,Worst-OC baseline,318.60241
518,3,13000047,50,38.6533090746,425,25,2.89415553311,f91298cdaa69b793,8d15af1f9d36efa1,7ea447b4974a4305,200,148,74.0,448.202703,329.921388,0.900000,5.700000,505.659655,2.744750,557.352388,7.020270,2.478345,0.000000,0.144856,0.468085,0.000000,0.127624,0,944,944,24.000000,12,12,0,0,62,62,28,0,176.0,1039,0,0,47,134,0,47,15,1,14,0,15,14,14,13,1,0,0,0,0,32,20,32,52,33,19,0,0,0,Worst-OC baseline,448.202703
531,1,13000060,50,38.7158754161,425,27,2.02224719652,e4e25cd71935e526,8d15af1f9d36efa1,bc3a7d2da3933089,200,79,39.5,222.493671,223.801773,0.500000,1.500000,216.648557,1.280000,244.698112,3.316456,1.435115,0.000000,0.435345,0.502488,0.000000,0.404545,0,984,984,24.000000,12,12,0,0,81,81,16,0,202.0,262,0,0,67,70,0,67,14,6,8,0,14,8,8,3,5,0,0,0,0,53,100,21,121,58,63,0,0,0,Worst-OC baseline,222.493671
535,0,13000064,50,209.170259533,75,23,2.04183877634,afeed29b44176547,8d15af1f9d36efa1,d2a13692944ac451,200,90,45.0,427.7,256.827922,0.700000,5.000000,588.613694,2.860714,570.797706,7.233333,2.566820,0.000000,0.235018,0.500000,0.000000,0.212817,0,1152,1152,24.000000,12,12,0,0,80,80,16,0,200.0,651,0,0,71,83,1,70,9,1,8,0,9,8,8,5,3,0,0,0,0,61,60,50,110,64,46,0,0,0,Worst-OC baseline,427.7
540,0,13000069,50,216.923183047,425,21,2.09452962597,18f5a27146e43192,8d15af1f9d36efa1,b21c42b9f8735144,200,138,69.0,209.007246,225.648625,0.900000,3.500000,262.935561,2.936508,243.041447,3.376812,2.978541,0.000000,0.310651,0.512195,0.000000,0.285276,0,1040,1040,24.000000,12,12,0,0,92,92,2,4,210.0,466,0,0,76,124,0,76,14,13,1,0,14,1,1,1,0,0,0,0,0,62,20,42,62,62,0,0,0,0,Worst-OC baseline,209.007246
1009,1,14000038,75,344.47031857,75,39,2.11183223565,1b8f3613ce5cc5f5,8d15af1f9d36efa1,11ce893d9179f361,200,158,79.0,236.71519,238.704236,1.000000,3.500000,281.030315,3.740000,273.118535,3.379747,3.247191,0.000000,0.25,0.470899,0.000000,0.223837,0,2192,2192,24.000000,12,12,0,0,74,74,6,0,178.0,534,0,0,58,142,0,58,16,13,3,0,16,3,3,3,0,0,0,0,0,42,0,42,42,42,0,0,0,0,Worst-OC baseline,236.71519
1014,0,14000043,75,326.966031443,75,43,1.56541880582,2b98b076d2300ba5,8d15af1f9d36efa1,e19d1f0228933a4c,200,125,62.5,228.472,194.267398,1.000000,2.900000,231.608436,3.448333,257.165504,3.400000,3.927059,0.000000,0.35994,0.544419,0.000000,0.334898,0,2432,2432,25.000000,13,12,0,0,106,106,2,10,239.0,425,0,0,88,112,0,88,13,12,1,0,13,1,1,1,0,0,0,0,0,75,0,75,75,75,0,0,0,0,Worst-OC baseline,228.472
1022,2,14000051,75,121.335368506,75,39,2.59213036164,4a2da881a2fc7705,8d15af1f9d36efa1,2c2a166db6186b45,200,134,67.0,322.880597,303.016539,1.000000,4.900000,389.137698,3.309048,384.643322,4.970149,3.303303,0.000000,0.257525,0.535963,0.000000,0.236239,0,2352,2352,25.000000,13,12,0,0,94,94,18,0,231.0,666,0,0,80,120,0,80,14,5,9,0,14,9,9,9,0,0,0,0,0,66,0,66,66,66,0,0,0,0,Worst-OC baseline,322.880597
1028,1,14000057,75,329.18533904,75,41,2.26348387198,3acb4ebedb1becc3,8d15af1f9d36efa1,d9344e36d18bcdcb,200,163,81.5,271.957055,271.878740,1.000000,4.400000,345.254612,4.115476,323.041523,4.226994,3.959361,0.000000,0.204388,0.469496,0.000000,0.178784,0,2592,2592,27.000000,15,12,0,0,71,71,8,0,177.0,689,0,0,54,146,0,54,17,13,4,0,17,4,4,4,0,0,0,0,0,37,0,37,37,37,0,0,0,0,Worst-OC baseline,271.957055
1029,3,14000058,75,81.4869105303,425,47,2.2618795816,16b8bf50076f3712,8d15af1f9d36efa1,ac7f96b7f437abf,200,146,73.0,244.315068,232.341712,1.000000,3.700000,272.812444,3.768095,283.735999,3.890411,3.283451,0.000000,0.27086,0.513382,0.000000,0.246684,0,2376,2376,25.000000,13,12,0,0,86,86,14,0,211.0,568,0,0,70,130,0,70,16,9,7,0,16,7,7,7,0,0,0,0,0,54,0,54,54,54,0,0,0,0,Worst-OC baseline,244.315068
1500,0,15000029,100,402.565764294,425,64,1.92862843395,261384c55508c7c5,8d15af1f9d36efa1,7c8d5150431d105c,200,131,65.5,277.900763,291.922363,1.000000,4.300000,341.870448,4.885000,345.024221,4.664122,4.733224,0.000000,0.266507,0.526066,0.000000,0.242875,0,4328,4328,26.000000,14,12,0,0,93,93,10,0,222.0,611,0,0,81,119,0,81,12,7,5,0,12,5,5,5,0,0,0,0,0,69,0,69,69,69,0,0,0,0,Worst-OC baseline,277.900763
1502,2,15000031,100,195.301637545,75,42,2.09632669876,70425a7a235e6eca,8d15af1f9d36efa1,d2ff1be79baa8068,200,122,61.0,228.754098,242.848994,1.000000,3.400000,273.404557,5.051667,265.866197,3.418033,4.278177,0.000000,0.365297,0.545455,0.000000,0.339144,0,4128,4128,26.000000,14,12,0,0,103,103,8,2,240.0,417,0,0,90,110,0,90,12,8,4,0,12,4,4,4,0,0,0,0,0,78,0,78,78,78,0,0,0,0,Worst-OC baseline,228.754098
1505,3,15000034,100,207.502408762,425,35,2.4680720557,10c695397e2432e9,8d15af1f9d36efa1,9ab0a100c585ace8,200,146,73.0,274.794521,267.427653,1.000000,4.100000,316.551144,4.805000,321.608370,4.376712,4.474178,0.000000,0.243787,0.507389,0.000000,0.217870,0,4312,4312,28.000000,16,12,0,0,82,82,14,0,206.0,639,0,0,68,132,0,68,14,7,7,0,14,7,7,7,0,0,0,0,0,54,0,54,54,54,0,0,0,0,Worst-OC baseline,274.794521
1510,1,15000039,100,470.246168022,75,60,1.78921382219,ae8239fc35a4f554,8d15af1f9d36efa1,72ed3403dae5c2b5,200,105,52.5,255.952381,241.597219,1.000000,3.600000,282.747344,4.296667,253.966537,3.476190,4.219178,0.000000,0.441041,0.590164,0.000000,0.417863,0,3840,3840,26.000000,14,12,0,0,121,121,20,0,288.0,365,0,0,108,92,0,108,13,3,10,0,13,10,10,10,0,0,0,0,0,95,0,95,95,95,0,0,0,0,Worst-OC baseline,255.952381
1518,0,15000047,100,360.953820678,75,47,2.28882696867,12f7dcbdff38c69b,8d15af1f9d36efa1,96940d5051dde053,200,147,73.5,204.142857,210.911600,1.000000,3.000000,250.995345,4.970000,233.732657,3.040816,4.331096,0.000000,0.299373,0.488491,0.000000,0.268412,0,4024,4024,27.000000,15,12,0,0,79,79,6,0,191.0,447,0,0,66,134,0,66,13,10,3,0,13,3,3,3,0,0,0,0,0,53,0,53,53,53,0,0,0,0,Worst-OC baseline,204.142857
