nodes,Method,scenarios,PDR (%)_estimate,PDR (%)_low,PDR (%)_high,Loss-aware delay (ms)_estimate,Loss-aware delay (ms)_low,Loss-aware delay (ms)_high,Routing overhead ratio_estimate,Routing overhead ratio_low,Routing overhead ratio_high
25,SVM,125,31.596,28.1479,35.2442,741.78703999428,713.345053998287,768.3934589987019,0.3962698660904671,0.3551353477917,0.4400445217566001
50,SVM,125,79.528,76.112,82.8561,417.66963999108003,393.7988309726849,442.56418996950697,0.15420055007794425,0.1446936948478046,0.16454910460931374
75,SVM,125,91.008,89.1679,92.6401,321.53428002424,307.813515042491,336.73842902671197,0.1561283909867502,0.1481673232973389,0.1650648973173807
100,SVM,125,93.388,91.87979999999999,94.73610000000001,299.62779996936007,288.22462694917505,312.370096951898,0.15713180926512751,0.14976284125279649,0.16562667743215112
25,DTC,125,31.812,28.1079,35.7521,740.72536000612,711.282021015182,768.9761200068859,0.3928272163566281,0.34957962381009644,0.44187214896384497
50,DTC,125,79.616,76.08,83.0361,416.63515998932,391.5109930011401,442.1252379705401,0.1549662296384585,0.14473684250858004,0.16665356712148088
75,DTC,125,90.54,88.5799,92.364,325.0850800042,309.44487799774697,340.97548798220487,0.15800417756534502,0.149757240992946,0.1676276195105786
100,DTC,125,92.624,90.9999,94.088,305.16599996256,293.804672923973,317.78205097409904,0.1598750236697595,0.1517261972155027,0.16893294865840763
25,RF,125,31.1,27.5959,34.7921,746.56967999772,718.255425984746,774.136832000718,0.4068158812282083,0.364506464575587,0.45505050079709236
50,RF,125,77.324,73.848,80.6202,434.17647999160005,409.96176096625203,459.05053496829,0.16749264676256095,0.15607999877351028,0.1799578604788209
75,RF,125,87.72,85.44,89.928,347.51488001396,329.767960042677,365.9497320174181,0.17172679136032912,0.16086774302526216,0.18352191730222517
100,RF,125,92.052,90.344,93.63210000000001,310.24595996524005,297.624251960935,323.501795990558,0.1631865788351263,0.15418984935265306,0.17299864126781864
25,Baseline,125,29.007,25.876575,32.316424999999995,764.40644999955,738.7403465100255,788.1842215040087,0.47291589973561793,0.4330665024187407,0.5173149697430363
50,Baseline,125,70.856,67.94435,73.742075,483.90144999349997,462.29803300669585,504.88755797820795,0.21070677445111863,0.19950937620691678,0.2218345414034891
75,Baseline,125,81.897,80.59897500000001,83.165025,393.18074999827996,382.32893274539174,404.38587449785217,0.20548567443938923,0.1985874616123161,0.21248315253963876
100,Baseline,125,84.349,83.380925,85.278,371.2783199958199,362.3013925030385,380.1822252470818,0.20526464900287006,0.19920998458501646,0.21173400672031265
