nodes,method,pdr_percent,loss_aware_delay_ms,routing_overhead_ratio
25,SVM,25.6,799.067,0.428767123
25,DTC,23.6,817.453,0.447010870
25,RF,21.6,828.325,0.552667579
25,Baseline,25.3,804.867,0.495828367
50,SVM,75.0,480.518,0.143606109
50,DTC,72.0,511.034,0.156326988
50,RF,62.7,573.709,0.205078600
50,Baseline,58.1,604.058,0.239878543
75,SVM,90.9,324.503,0.161371429
75,DTC,86.3,361.853,0.182176839
75,RF,83.6,379.270,0.196893670
75,Baseline,88.8,338.918,0.174316180
100,SVM,91.0,305.974,0.175217812
100,DTC,90.1,312.535,0.178929357
100,RF,82.6,373.241,0.217676768
100,Baseline,84.3,357.170,0.205934121
