nodes,Method,PDR gain (percentage points),Delay reduction (ms),Overhead reduction
25,SVM,2.129166666666663,18.49587500795826,0.06303883730410259
50,SVM,7.575000000000003,56.151958368125065,0.05245952507307741
75,SVM,9.129166666666663,68.85750004645843,0.048308817033998114
100,SVM,11.633333333333354,90.93708336541664,0.06088675615601019
25,DTC,2.362499999999997,20.579708339124863,0.069336394693998
50,DTC,7.125,52.42279169579166,0.05209480121278112
75,DTC,8.812499999999986,67.75083335329174,0.046199330979823705
100,DTC,10.183333333333351,78.4087500349167,0.0548045491743096
25,RF,1.5791666666666657,14.571541696791542,0.0450363165489997
50,RF,6.50833333333334,47.84195838545838,0.04516039459641791
75,RF,2.1625000000000085,16.72883330612507,0.014846229055444027
100,RF,9.533333333333331,73.28758336874995,0.05327518010518209
